"unicode","P","D","L","V","lat","long","y_proj","x_proj"
"1.18.1.122A",1,18,"1","122A",-16.4365015749753,-71.5898508840588,-1944813.63225049,2831764.1654358
"1.18.1.226A",1,18,"1","226A",-16.4385126188753,-71.5882156735636,-1945070.35188444,2831923.24678382
"1.18.1.240A",1,18,"1","240A",-16.4387756799609,-71.5875911654684,-1945109.10122684,2831990.5862721
"1.18.1.252A",1,18,"1","252A",-16.4396189765835,-71.5878446569522,-1945204.93325128,2831950.86216015
"1.18.1.290A",1,18,"1","290A",-16.4402260859162,-71.5878197691685,-1945276.53506654,2831945.76433338
"1.18.1.293A",1,18,"1","293A",-16.4358692929133,-71.5895589338892,-1944743.06179611,2831805.49361855
"1.18.1.315A",1,18,"1","315A",-16.4357886985008,-71.5893621627167,-1944736.07412171,2831828.84301928
"1.18.1.9A",1,18,"1","9A",-16.4387288443693,-71.590449929597,-1945067.62411316,2831667.24005833
"1.18.1.138A",1,18,"1","138A",-16.4366441602989,-71.5893235244578,-1944837.01079833,2831822.06772741
"1.18.1.141A",1,18,"1","141A",-16.4369527600729,-71.5890341589369,-1944876.88862949,2831850.83537842
"1.18.1.169A",1,18,"1","169A",-16.43748480056,-71.5880382688826,-1944951.89498809,2831956.75403192
"1.18.1.299A",1,18,"1","299A",-16.4358951242876,-71.5898212782828,-1944742.79399488,2831775.42734917
"1.18.1.31A",1,18,"1","31A",-16.4380774307675,-71.5896661831008,-1945000.9967065,2831764.54852606
"1.18.1.33A",1,18,"1","33A",-16.4379738546207,-71.58955916948,-1944990.18125204,2831778.02598487
"1.18.1.90A",1,18,"1","90A",-16.4365828657975,-71.590516781572,-1944814.79877941,2831687.6450311
"1.18.1.64A",1,18,"1","64A",-16.4386068735766,-71.5903883918063,-1945054.07651701,2831675.80394285
"1.18.1.68A",1,18,"1","68A",-16.4374881502182,-71.5881467907254,-1944950.92258583,2831944.4124203
"1.18.1.73A",1,18,"1","73A",-16.4377845267186,-71.5880461429507,-1944986.99068693,2831951.95316053
"1.18.1.74A",1,18,"1","74A",-16.4378786651198,-71.5881079207306,-1944997.26723263,2831943.7247644
"1.18.1.99A",1,18,"1","99A",-16.4374719770095,-71.5905885314997,-1944918.29682731,2831667.92191443
"1.18.1.249A",1,18,"1","249A",-16.4394061820229,-71.5875402922037,-1945183.77713126,2831988.12834811
"1.18.1A.26A",1,18,"1A","26A",-16.4399401787967,-71.5875965723229,-1945245.77233724,2831974.78606596
"1.18.1A.39A",1,18,"1A","39A",-16.4401676803007,-71.586622709103,-1945284.74458778,2832082.17781699
"1.18.1A.40A",1,18,"1A","40A",-16.44011626305,-71.5864817829436,-1945280.48091758,2832098.81839423
"1.18.2.81A",1,18,"2","81A",-16.4407333025021,-71.5890086489919,-1945321.1297499,2831804.42549861
"1.18.2.57A",1,18,"2","57A",-16.4392293896305,-71.5891921102627,-1945142.22815703,2831803.24891077
"1.18.2.5A",1,18,"2","5A",-16.440747930143,-71.5898380230204,-1945312.40882344,2831710.25097429
"1.18.2.73A",1,18,"2","73A",-16.4401721466757,-71.5890680428318,-1945254.49014097,2831805.01352956
"1.18.2.5B",1,18,"2","5B",-16.440870900488,-71.5896529765644,-1945329.17715628,2831729.61646035
"1.18.2.6A",1,18,"2","6A",-16.4407191296692,-71.5899841688228,-1945307.18768634,2831694.0655357
"1.18.2.18A",1,18,"2","18A",-16.4403221120382,-71.5900285186735,-1945260.01115463,2831694.21744222
"1.18.2.25A",1,18,"2","25A",-16.4396266551378,-71.5901173471394,-1945177.23168689,2831693.22073384
"1.18.2.29A",1,18,"2","29A",-16.4391383432076,-71.5899312120903,-1945122.23578586,2831720.68120257
"1.18.3.12A",1,18,"3","12A",-16.4440597896308,-71.5771203237467,-1945861.43902062,2833108.22790887
"1.18.3.22A",1,18,"3","22A",-16.4430427090638,-71.5768847964307,-1945744.97062482,2833148.19506811
"1.18.3.28A",1,18,"3","28A",-16.4424217734486,-71.5773239416504,-1945666.52284827,2833106.53353442
"1.18.3.51A",1,18,"3","51A",-16.431808667826,-71.5713415442759,-1944495.54636908,2833923.02989519
"1.18.3.73A",1,18,"3","73A",-16.4286227205065,-71.5701733842106,-1944136.11215736,2834096.99695076
"1.18.3.9A",1,18,"3","9A",-16.4433286737357,-71.5767333562457,-1945780.45902299,2833161.62435086
"1.18.3.15A",1,18,"3","15A",-16.4437595816096,-71.5769881420158,-1945827.8508575,2833127.12605428
"1.18.3.15B",1,18,"3","15B",-16.4437018918457,-71.5769840420584,-1945821.12802376,2833128.34372101
"1.18.3.15C",1,18,"3","15C",-16.4436590223277,-71.5771355073057,-1945814.18589237,2833111.73856494
"1.18.3.15D",1,18,"3","15D",-16.4437342284235,-71.5771648693172,-1945822.64743197,2833107.42945343
"1.18.3.19A",1,18,"3","19A",-16.4433109732431,-71.5768880807665,-1945776.43142558,2833144.32123521
"1.18.3.23A",1,18,"3","23A",-16.4429226460526,-71.5770661986204,-1945728.58664378,2833129.2047812
"1.18.3.23B",1,18,"3","23B",-16.4429686662708,-71.5771632617271,-1945732.76813785,2833117.60440977
"1.18.3.23C",1,18,"3","23C",-16.4431134846505,-71.5771411464014,-1945750.05266201,2833118.22036802
"1.18.3.36A",1,18,"3","36A",-16.4412115864587,-71.5777600835127,-1945518.91793047,2833072.90211949
"1.18.3.40A",1,18,"3","40A",-16.4399588532619,-71.576847278746,-1945383.30616536,2833192.69633344
"1.18.3.40B",1,18,"3","40B",-16.4398619710911,-71.5768390136639,-1945372.03336614,2833194.8973563
"1.18.3.40C",1,18,"3","40C",-16.4397706660547,-71.576819852464,-1945361.5527192,2833198.26042107
"1.18.3.46A",1,18,"3","46A",-16.43760341,-71.57539252,-1945125.02606712,2833388.30146702
"1.18.4.86A",1,18,"4","86A",-16.4414839072443,-71.5780304895562,-1945547.49067884,2833038.7041293
"1.18.4.231A",1,18,"4","231A",-16.4423657161381,-71.5810579161456,-1945612.91267575,2832684.11542439
"1.18.4.137A",1,18,"4","137A",-16.4400565448579,-71.5795006219724,-1945361.36280171,2832890.72704834
"1.18.4.18A",1,18,"4","18A",-16.443267657718,-71.5772484161972,-1945766.80590418,2833104.05165307
"1.18.4.46A",1,18,"4","46A",-16.4423712430417,-71.5783565800568,-1945647.58255946,2832990.16922317
"1.18.4.133A",1,18,"4","133A",-16.4403309183803,-71.5793272628374,-1945395.76515121,2832906.79284709
"1.18.4.177A",1,18,"4","177A",-16.4426318795336,-71.5794845832144,-1945663.98178159,2832858.93751314
"1.18.4.213A",1,18,"4","213A",-16.4426299255301,-71.5798854803666,-1945658.70331608,2832813.53185978
"1.18.4.7A",1,18,"4","7A",-16.4435545181395,-71.5773897524063,-1945798.71139314,2833084.29044846
"1.18.4.12A",1,18,"4","12A",-16.4432688396703,-71.5775052817827,-1945763.70912859,2833074.92700665
"1.18.4.90A",1,18,"4","90A",-16.4414447733926,-71.5786278241718,-1945535.37211041,2832971.52163553
"1.18.4.146A",1,18,"4","146A",-16.4408206543725,-71.5789737098794,-1945457.72655302,2832940.46873598
"1.18.4A.1A",1,18,"4A","1A",-16.4435156693305,-71.5808763077731,-1945750.23532656,2832689.68920165
"1.18.4A.1B",1,18,"4A","1B",-16.4434337915384,-71.5808008060026,-1945741.57153307,2832699.31376266
"1.18.4A.1C",1,18,"4A","1C",-16.4435595528592,-71.5806061663508,-1945758.79063394,2832719.72957128
"1.18.4A.1D",1,18,"4A","1D",-16.4436949692288,-71.5807071165018,-1945773.42079449,2832706.52241573
"1.18.5.12A",1,18,"5","12A",-16.4398849857487,-71.5790219984625,-1945347.24407671,2832947.20615125
"1.18.5.12B",1,18,"5","12B",-16.4400638963523,-71.5790261467653,-1945368.20108734,2832944.4014482
"1.18.5.12C",1,18,"5","12C",-16.4400422386215,-71.5791672331783,-1945363.8811475,2832928.69529854
"1.18.5.12D",1,18,"5","12D",-16.4400589209165,-71.5793398602689,-1945363.66625336,2832908.91449221
"1.18.5.13A",1,18,"5","13A",-16.4397162295755,-71.5790853833257,-1945326.62905061,2832942.22504578
"1.18.5.13B",1,18,"5","13B",-16.4395721811037,-71.5793911043732,-1945305.86379989,2832909.45845409
"1.18.5.13C",1,18,"5","13C",-16.4396406607512,-71.5793677147092,-1945314.19980213,2832911.21556585
"1.18.5.17A",1,18,"5","17A",-16.4394771160514,-71.5796405280012,-1945291.55962437,2832882.43266885
"1.18.5.19A",1,18,"5","19A",-16.4394658081054,-71.579882174859,-1945287.1889013,2832855.19533914
"1.18.5.29A",1,18,"5","29A",-16.4398412137933,-71.5803398923688,-1945325.50849412,2832798.42595319
"1.18.5.30A",1,18,"5","30A",-16.4397650714038,-71.58046553493,-1945314.98517754,2832785.18095349
"1.18.5.31A",1,18,"5","31A",-16.4395714305775,-71.5803921177483,-1945293.17079954,2832796.02754665
"1.18.5.37A",1,18,"5","37A",-16.4393088239955,-71.5807298546808,-1945258.08085154,2832761.17965887
"1.18.5.38A",1,18,"5","38A",-16.4391409737853,-71.5808987941488,-1945236.24343541,2832744.22445173
"1.18.5.55A",1,18,"5","55A",-16.4375770157229,-71.5809404707917,-1945052.066608,2832759.90526865
"1.18.5.60A",1,18,"5","60A",-16.4372794757405,-71.5808537449614,-1945018.2189805,2832773.61522305
"1.18.5.67A",1,18,"5","67A",-16.4368977807114,-71.5807069868498,-1944975.24493402,2832795.22628245
"1.18.5.46A",1,18,"5","46A",-16.4381451297729,-71.5812369952247,-1945115.04567424,2832718.88972938
"1.18.5.49E",1,18,"5","49E",-16.4379562364552,-71.5809785627568,-1945096.11809226,2832750.64119136
"1.18.5.54A",1,18,"5","54A",-16.4374970399944,-71.5811323189812,-1945040.25987616,2832739.20708854
"1.18.5.14A",1,18,"5","14A",-16.4398012901385,-71.5795346476557,-1945330.96016606,2832890.201758
"1.18.5.14B",1,18,"5","14B",-16.4398784992713,-71.5793833692013,-1945341.93170646,2832906.33806658
"1.18.5.17B",1,18,"5","17B",-16.4394493046976,-71.5797263980108,-1945287.21249048,2832873.06424197
"1.18.5.23A",1,18,"5","23A",-16.4398393698563,-71.5799955965259,-1945329.62736718,2832837.46750534
"1.18.5.25A",1,18,"5","25A",-16.4399499957996,-71.5802382827649,-1945339.56201218,2832808.52151859
"1.18.5.37B",1,18,"5","37B",-16.4392574850757,-71.5806758499833,-1945252.73222841,2832767.96959828
"1.18.5.37C",1,18,"5","37C",-16.4392015561403,-71.5806138343847,-1945246.94547573,2832775.72726911
"1.18.5.37D",1,18,"5","37D",-16.4391491448203,-71.5805543211595,-1945241.54027857,2832783.15546693
"1.18.5.37E",1,18,"5","37E",-16.4390973743118,-71.5804815979676,-1945236.37666006,2832792.07233925
"1.18.5.37F",1,18,"5","37F",-16.4390266290853,-71.5803993762553,-1945229.10447636,2832802.31321405
"1.18.5.37G",1,18,"5","37G",-16.4392238423144,-71.5803437921604,-1945252.96271719,2832806.03923314
"1.18.5.37H",1,18,"5","37H",-16.4392910488837,-71.5804172094676,-1945259.93021106,2832796.84228986
"1.18.5.37I",1,18,"5","37I",-16.439356621411,-71.5804827894184,-1945266.8045038,2832788.55484732
"1.18.5.37J",1,18,"5","37J",-16.4394043222017,-71.5805427675903,-1945271.65068878,2832781.13541467
"1.18.5.37K",1,18,"5","37K",-16.4394610606113,-71.5806076823571,-1945277.49598064,2832773.03862773
"1.18.5.38B",1,18,"5","38B",-16.4392865910112,-71.5809706231178,-1945252.43851183,2832734.18454241
"1.18.5.41A",1,18,"5","41A",-16.4389746377445,-71.5811400063704,-1945213.67390332,2832719.0590965
"1.18.5.44A",1,18,"5","44A",-16.4388746307132,-71.5808228964548,-1945205.92301242,2832756.3005419
"1.18.5.44B",1,18,"5","44B",-16.4387124470534,-71.5805271175892,-1945190.60229348,2832791.93593875
"1.18.5.44C",1,18,"5","44C",-16.4387117289843,-71.5806223156435,-1945189.31932893,2832781.15688664
"1.18.5.44D",1,18,"5","44D",-16.4387116887539,-71.5807140237595,-1945188.15990973,2832770.76449731
"1.18.5.44E",1,18,"5","44E",-16.4384632772903,-71.5807329496575,-1945158.75119104,2832771.86062978
"1.18.5.44F",1,18,"5","44F",-16.4384686102042,-71.5806499119789,-1945160.42293473,2832781.2013958
"1.18.5.44G",1,18,"5","44G",-16.4384746866713,-71.580561900478,-1945162.24462279,2832791.09612926
"1.18.5.44H",1,18,"5","44H",-16.4382498976694,-71.5807273870268,-1945133.7645103,2832775.27486632
"1.18.5.44I",1,18,"5","44I",-16.4382422600861,-71.5808245333278,-1945131.64451549,2832764.36527973
"1.18.5.44J",1,18,"5","44J",-16.4382442954474,-71.580909471267,-1945130.81411011,2832754.71302994
"1.18.5.45A",1,18,"5","45A",-16.4382287152535,-71.5810983323425,-1945126.60672235,2832733.51339435
"1.18.5.49A",1,18,"5","49A",-16.4379502008691,-71.5810748065265,-1945094.19761668,2832739.81297711
"1.18.5.49B",1,18,"5","49B",-16.4379549507032,-71.5809022197273,-1945096.92828961,2832759.30964532
"1.18.5.49C",1,18,"5","49C",-16.4379641494226,-71.5808128329397,-1945099.13388619,2832769.31952498
"1.18.5.49D",1,18,"5","49D",-16.4379720802368,-71.5807159274778,-1945101.28526557,2832780.19801493
"1.18.5.55B",1,18,"5","55B",-16.4375670672472,-71.580875030206,-1945051.7222799,2832767.45121913
"1.18.5.55C",1,18,"5","55C",-16.4377823095745,-71.5808844230914,-1945076.87947605,2832763.57874333
"1.18.5.55D",1,18,"5","55D",-16.4377759790096,-71.5809734652345,-1945075.01503526,2832753.57049385
"1.18.5.60B",1,18,"5","60B",-16.4372883233525,-71.5807731631994,-1945020.27245669,2832782.63188805
"1.18.5.60C",1,18,"5","60C",-16.4374011841192,-71.5808079130475,-1945033.08797166,2832777.22145388
"1.18.5.60D",1,18,"5","60D",-16.4373813558448,-71.5809145798481,-1945029.41664644,2832765.3919121
"1.18.5.60E",1,18,"5","60E",-16.4373694791647,-71.5810184936109,-1945026.71373108,2832753.77063471
"1.18.5.70A",1,18,"5","70A",-16.4365836653059,-71.580684228468,-1944938.64545763,2832801.90314535
"1.18.5.70B",1,18,"5","70B",-16.4366998472246,-71.5807251847355,-1944951.77286628,2832795.7460606
"1.18.6.8A",1,18,"6","8A",-16.4405291074175,-71.5799945968356,-1945410.63451532,2832828.58084763
"1.18.6.86A",1,18,"6","86A",-16.4398396071334,-71.5821455688586,-1945302.58398852,2832593.81899625
"1.18.6.86B",1,18,"6","86B",-16.4398905858214,-71.5820797144396,-1945309.39940286,2832600.61680108
"1.18.6.86C",1,18,"6","86C",-16.4399282556429,-71.5820149078201,-1945314.63881429,2832607.4694971
"1.18.6.86D",1,18,"6","86D",-16.4399700256496,-71.581947878737,-1945320.38768625,2832614.52055604
"1.18.6.86E",1,18,"6","86E",-16.4400121533216,-71.5818758522525,-1945326.24148652,2832622.13327279
"1.18.6.86F",1,18,"6","86F",-16.4400561437313,-71.5817946304368,-1945332.42980871,2832630.76373829
"1.18.6.185A",1,18,"6","185A",-16.4368245347901,-71.5820172850917,-1944950.14815284,2832647.68967794
"1.18.6.219A",1,18,"6","219A",-16.4358321746325,-71.5812356231233,-1944843.45778281,2832749.21780114
"1.18.6.275A",1,18,"6","275A",-16.4350372200762,-71.5825929560039,-1944733.02220977,2832605.76333738
"1.18.6.280A",1,18,"6","280A",-16.4345278301766,-71.5826470130769,-1944672.52556196,2832606.28081102
"1.18.7.15A",1,18,"7","15A",-16.4345752436313,-71.5816336745077,-1944690.84827187,2832720.50221386
"1.18.7.213A",1,18,"7","213A",-16.4290243171733,-71.5851309401187,-1943995.00746882,2832396.54059916
"1.18.7A.1A",1,18,"7A","1A",-16.4328127487078,-71.582330669502,-1944475.10949077,2832664.49898799
"1.18.7A.1B",1,18,"7A","1B",-16.4328292745028,-71.5822241169243,-1944478.39114034,2832676.35900845
"1.18.7A.1C",1,18,"7A","1C",-16.4330389408082,-71.5821770248142,-1944503.60449256,2832678.96161289
"1.18.7A.1D",1,18,"7A","1D",-16.4330518164935,-71.5822540456745,-1944504.1470617,2832670.06498192
"1.18.7A.1E",1,18,"7A","1E",-16.4330675378466,-71.5823340552967,-1944504.9861772,2832660.7925312
"1.18.7A.1F",1,18,"7A","1F",-16.4330800494644,-71.5824143340202,-1944505.44499712,2832651.53144809
"1.18.7A.1G",1,18,"7A","1G",-16.4328911502303,-71.5824327692798,-1944483.03098438,2832651.9056557
"1.18.7A.2A",1,18,"7A","2A",-16.432463330181,-71.5823298859365,-1944434.08792491,2832669.14453477
"1.18.7A.2B",1,18,"7A","2B",-16.4326554162867,-71.5822685584052,-1944457.4160205,2832673.58977939
"1.18.7A.2C",1,18,"7A","2C",-16.4326688724902,-71.5823530002017,-1944457.93338498,2832663.84455461
"1.18.7A.2D",1,18,"7A","2D",-16.4326889824678,-71.5824449186571,-1944459.13799103,2832653.16523986
"1.18.7A.2E",1,18,"7A","2E",-16.4324946063851,-71.5824724488497,-1944435.966377,2832652.5800806
"1.18.7A.3A",1,18,"7A","3A",-16.4315317605028,-71.5824991352654,-1944322.56571026,2832662.11156329
"1.18.7A.3B",1,18,"7A","3B",-16.4314969591554,-71.5824152370585,-1944319.53491655,2832672.07357466
"1.18.7A.3C",1,18,"7A","3C",-16.4316525380392,-71.5825829671718,-1944335.69332855,2832651.03594626
"1.18.7A.4A",1,18,"7A","4A",-16.4314112896745,-71.5826683024569,-1944306.29015386,2832644.51074134
"1.18.7A.4B",1,18,"7A","4B",-16.4313808046934,-71.5825992903449,-1944303.57887005,2832652.72941453
"1.18.7A.4C",1,18,"7A","4C",-16.4313543257624,-71.5825244255103,-1944301.41166361,2832661.55914576
"1.18.7A.4D",1,18,"7A","4D",-16.4313235272146,-71.5824416109833,-1944298.83726046,2832671.34615174
"1.18.7A.4E",1,18,"7A","4E",-16.4311035660578,-71.5824676067315,-1944272.68053776,2832671.26828562
"1.18.7A.4F",1,18,"7A","4F",-16.4311237775429,-71.5825418207414,-1944274.11997337,2832662.5940251
"1.18.7A.4G",1,18,"7A","4G",-16.4311472190866,-71.5826063957791,-1944276.06001191,2832654.97003983
"1.18.7A.6A",1,18,"7A","6A",-16.4312346576802,-71.5828283425196,-1944283.53463062,2832628.67659052
"1.18.7A.7A",1,18,"7A","7A",-16.4308537319279,-71.5828840097658,-1944238.10288151,2832627.33482702
"1.18.7A.7B",1,18,"7A","7B",-16.4308212164829,-71.5828188692808,-1944235.10440908,2832635.14120383
"1.18.7A.7C",1,18,"7A","7C",-16.4307860074795,-71.582748873882,-1944231.85073361,2832643.53291779
"1.18.7A.7D",1,18,"7A","7D",-16.4307592471866,-71.5826732239314,-1944229.66033018,2832652.45530663
"1.18.7A.7E",1,18,"7A","7E",-16.4307344362417,-71.5826068484762,-1944227.5821227,2832660.30119836
"1.18.7A.7F",1,18,"7A","7F",-16.4309477352186,-71.5825227319099,-1944253.68792442,2832667.05289051
"1.18.7A.7G",1,18,"7A","7G",-16.430966209185,-71.582586615135,-1944255.0533448,2832659.57207694
"1.18.7A.7H",1,18,"7A","7H",-16.4309895880775,-71.5826690760476,-1944256.76095137,2832649.92189173
"1.18.7A.7I",1,18,"7A","7I",-16.431015728858,-71.5827321539599,-1944259.03680575,2832642.43238321
"1.18.7A.7J",1,18,"7A","7J",-16.4310375936754,-71.5828053369758,-1944260.68337788,2832633.85342018
"1.18.7A.7K",1,18,"7A","7K",-16.4310660893638,-71.5828761224054,-1944263.13877115,2832625.45971951
"1.18.7A.8A",1,18,"7A","8A",-16.4305128280925,-71.5831368717977,-1944194.88935062,2832603.12288272
"1.18.7A.8B",1,18,"7A","8B",-16.4304781737471,-71.5830485327717,-1944191.9316155,2832613.58624427
"1.18.7A.9A",1,18,"7A","9A",-16.4304044657692,-71.5829011526139,-1944185.1308696,2832631.25000212
"1.18.7A.9B",1,18,"7A","9B",-16.4303761510348,-71.5828301699682,-1944182.69917232,2832639.66371297
"1.18.7A.9C",1,18,"7A","9C",-16.4303473124757,-71.5827702174154,-1944180.06716226,2832646.83420932
"1.18.7A.9D",1,18,"7A","9D",-16.4303148721342,-71.5827020096335,-1944177.11608623,2832654.98724615
"1.18.7A.9E",1,18,"7A","9E",-16.4305247421369,-71.5826355573428,-1944202.5969125,2832659.7818456
"1.18.7A.9F",1,18,"7A","9F",-16.4305513466548,-71.5826958385077,-1944204.96243756,2832652.60323327
"1.18.7A.9G",1,18,"7A","9G",-16.4305774801931,-71.58276323072,-1944207.18317082,2832644.62486615
"1.18.7A.9H",1,18,"7A","9H",-16.4305963523996,-71.5828174782529,-1944208.71663661,2832638.23088
"1.18.7A.9I",1,18,"7A","9I",-16.4306124475996,-71.58288648702,-1944209.73824978,2832630.20020662
"1.18.7A.9J",1,18,"7A","9J",-16.4306441380579,-71.5829663578492,-1944212.45449119,2832620.73518834
"1.18.7A.10A",1,18,"7A","10A",-16.4302337350996,-71.5839808615523,-1944151.49597019,2832511.11212243
"1.18.7A.10B",1,18,"7A","10B",-16.4302636526301,-71.5840535120001,-1944154.0949375,2832502.48857424
"1.18.7A.10C",1,18,"7A","10C",-16.4300882913095,-71.5841256244013,-1944132.59540839,2832496.60238498
"1.18.7A.11A",1,18,"7A","11A",-16.4300366210274,-71.5839751423519,-1944128.42141107,2832514.33022004
"1.18.7A.11B",1,18,"7A","11B",-16.4300175664597,-71.5839114792879,-1944126.98495334,2832521.7936079
"1.18.7A.11C",1,18,"7A","11C",-16.4299911956698,-71.5838554423148,-1944124.5934152,2832528.48811908
"1.18.7A.11D",1,18,"7A","11D",-16.4299652940044,-71.5837822258502,-1944122.47313387,2832537.12347822
"1.18.7A.11E",1,18,"7A","11E",-16.4299353044087,-71.5837029346071,-1944119.94925819,2832546.50059927
"1.18.7A.11F",1,18,"7A","11F",-16.430128021466,-71.5837111854872,-1944142.47566959,2832543.05288737
"1.18.7A.11G",1,18,"7A","11G",-16.4301601860316,-71.5837741654378,-1944145.46018144,2832535.49598162
"1.18.7A.11H",1,18,"7A","11H",-16.4301862132286,-71.583839891202,-1944147.68944897,2832527.70791555
"1.18.7A.12A",1,18,"7A","12A",-16.4296366096773,-71.5840800844356,-1944080.12879963,2832507.65225918
"1.18.7A.12B",1,18,"7A","12B",-16.4295924230879,-71.5839797343844,-1944076.20275573,2832519.60107118
"1.18.7A.12C",1,18,"7A","12C",-16.4297694796838,-71.583907229595,-1944097.90630816,2832525.50970753
"1.18.7A.12D",1,18,"7A","12D",-16.4297978569499,-71.5840012265751,-1944100.05583198,2832514.48700752
"1.18.7A.12E",1,18,"7A","12E",-16.4298362840312,-71.5840941961239,-1944103.3984061,2832503.44973116
"1.18.7A.12F",1,18,"7A","12F",-16.4298655135555,-71.5841894652172,-1944105.63200615,2832492.27176926
"1.18.7A.12G",1,18,"7A","12G",-16.4297198146957,-71.584249022645,-1944087.77365174,2832487.42163657
"1.18.7A.13A",1,18,"7A","13A",-16.4292371921248,-71.5842461284662,-1944031.13715958,2832494.04164926
"1.18.7A.13B",1,18,"7A","13B",-16.4293988485742,-71.5841859658654,-1944050.87697333,2832498.75239993
"1.18.7A.13C",1,18,"7A","13C",-16.4294255953378,-71.5842725376144,-1944052.92849655,2832488.59246748
"1.18.7A.13D",1,18,"7A","13D",-16.4294510919227,-71.5843394050607,-1944055.08114097,2832480.68194062
"1.18.7A.13E",1,18,"7A","13E",-16.4292923354573,-71.5843949843009,-1944035.73955383,2832476.45281451
"1.18.9.7A",1,18,"9","7A",-16.4272714392801,-71.5826587289511,-1943820.27608889,2832699.5719452
"1.18.9.8A",1,18,"9","8A",-16.4273881653257,-71.5826261008755,-1943834.3935664,2832701.74806671
"1.18.9.136A",1,18,"9","136A",-16.4248258176223,-71.5853946227209,-1943498.67439585,2832421.38210308
"1.18.9.140A",1,18,"9","140A",-16.4250091139915,-71.5852714211257,-1943521.74802617,2832432.95606398
"1.18.9.140B",1,18,"9","140B",-16.4250334942228,-71.5853724782839,-1943523.33976773,2832421.18518446
"1.18.9A.35A",1,18,"9A","35A",-16.428163367678,-71.5837615992117,-1943911.13722561,2832562.95314451
"1.18.9A.50A",1,18,"9A","50A",-16.427754425182,-71.5830782774991,-1943871.71349914,2832645.72674886
"1.18.9A.28A",1,18,"9A","28A",-16.4284966528149,-71.5836914700142,-1943951.15642561,2832566.55608821
"1.18.9A.28B",1,18,"9A","28B",-16.4284302839157,-71.5836058947489,-1943944.43960241,2832577.11971939
"1.18.9A.37A",1,18,"9A","37A",-16.428056786841,-71.583547216615,-1943901.31901825,2832588.6389948
"1.18.9A.37B",1,18,"9A","37B",-16.4279963507375,-71.5835135212548,-1943894.64609692,2832593.24564107
"1.18.9A.34A",1,18,"9A","34A",-16.4282690155389,-71.5837800608073,-1943923.3109085,2832559.48357616
"1.18.10.35A",1,18,"10","35A",-16.426921697483,-71.5827440121575,-1943778.13345888,2832694.46591795
"1.18.11.13A",1,18,"11","13A",-16.4282722609619,-71.582043824953,-1943945.53812527,2832756.21293398
"1.18.11.6A",1,18,"11","6A",-16.4276829938564,-71.5820556713376,-1943876.19221302,2832762.55299554
"1.18.11.72A",1,18,"11","72A",-16.4302544261319,-71.5815188098587,-1944184.90783614,2832789.8690518
"1.18.11.97A",1,18,"11","97A",-16.4319945962501,-71.5815954593454,-1944388.28873059,2832758.48981467
"1.18.11.99A",1,18,"11","99A",-16.4322474535254,-71.5818616125489,-1944414.6315445,2832725.02909994
"1.18.11.1A",1,18,"11","1A",-16.4273274895364,-71.5823439950545,-1943830.81800121,2832734.51106829
"1.18.11.19A",1,18,"11","19A",-16.4284890027067,-71.5826833392437,-1943962.94280104,2832680.90929746
"1.18.11.53A",1,18,"11","53A",-16.429785158915,-71.5819846131222,-1944123.94059553,2832743.19770051
"1.18.11.99B",1,18,"11","99B",-16.4323008633583,-71.5819872241892,-1944419.32243284,2832710.09701804
"1.18.11.99C",1,18,"11","99C",-16.432304917889,-71.5821306704174,-1944417.9931714,2832693.78739902
"1.18.11.1B",1,18,"11","1B",-16.4272731663869,-71.5822130805159,-1943826.08611055,2832750.0562749
"1.18.11.1C",1,18,"11","1C",-16.4273857156037,-71.5821604212582,-1943839.96519387,2832754.5570239
"1.18.11.5A",1,18,"11","5A",-16.4277323124156,-71.5821946204839,-1943880.23527698,2832746.16245131
"1.18.11.53B",1,18,"11","53B",-16.4291422597921,-71.581942727172,-1944048.97301387,2832756.32736657
"1.18.11.68A",1,18,"11","68A",-16.4300547828161,-71.5812926251457,-1944164.31045792,2832818.10629476
"1.18.11.105A",1,18,"11","105A",-16.4327629262735,-71.5814115436139,-1944480.82723832,2832769.3129505
"1.18.11.116A",1,18,"11","116A",-16.4332410489279,-71.5812628544141,-1944538.84389657,2832779.92821854
"1.18.12.3A",1,18,"12","3A",-16.4335870212833,-71.5810185055674,-1944582.54652936,2832803.10787318
"1.18.12.17A",1,18,"12","17A",-16.4356575209066,-71.5799385947679,-1944839.27686163,2832898.4860555
"1.18.12.23A",1,18,"12","23A",-16.4359942758148,-71.5801113424919,-1944876.64675918,2832874.51581722
"1.18.12.76A",1,18,"12","76A",-16.4401010698108,-71.5786212341509,-1945377.66547514,2832989.80355778
"1.18.12.4A",1,18,"12","4A",-16.4337114756967,-71.5809373522774,-1944598.18253056,2832810.68171831
"1.18.12.4B",1,18,"12","4B",-16.4338166991392,-71.5810599410826,-1944608.99567282,2832795.41638745
"1.18.12.6A",1,18,"12","6A",-16.433529450866,-71.5808500205282,-1944577.90690541,2832822.95309879
"1.18.12.6B",1,18,"12","6B",-16.4333840354415,-71.5809524503335,-1944559.54166412,2832813.24135112
"1.18.12.13A",1,18,"12","13A",-16.4347223627586,-71.5797090584735,-1944732.35187392,2832936.69809533
"1.18.12.13B",1,18,"12","13B",-16.4348455632554,-71.5797332819833,-1944746.51424919,2832932.34576766
"1.18.12.13C",1,18,"12","13C",-16.4349418751438,-71.5799157451452,-1944755.52702225,2832910.41098922
"1.18.12.16A",1,18,"12","16A",-16.4353355277758,-71.5801516773294,-1944798.78303568,2832878.53800004
"1.18.12.54A",1,18,"12","54A",-16.4392371930938,-71.5797381267954,-1945262.15687645,2832874.50268099
"1.18.12.54B",1,18,"12","54B",-16.4390843631792,-71.5797657614619,-1945243.86232911,2832873.36503811
"1.18.12.54C",1,18,"12","54C",-16.4390023442543,-71.5797938730841,-1945233.87700042,2832871.24940685
"1.18.12.54D",1,18,"12","54D",-16.4388557034134,-71.5798460891331,-1945215.99971071,2832867.24525457
"1.18.12.54E",1,18,"12","54E",-16.4386902657167,-71.5798343558502,-1945196.72036595,2832870.73348091
"1.18.12.54F",1,18,"12","54F",-16.4385672242238,-71.5798497222945,-1945182.0783095,2832870.59741427
"1.18.12.54G",1,18,"12","54G",-16.4384459675802,-71.5798406037666,-1945167.95414519,2832873.21284798
"1.18.12.54H",1,18,"12","54H",-16.4383463343067,-71.5798440196257,-1945156.21135209,2832874.12566813
"1.18.12.54I",1,18,"12","54I",-16.4382145086993,-71.579818996888,-1945141.04633815,2832878.68135196
"1.18.13.12A",1,18,"13","12A",-16.4364202458653,-71.5803174527449,-1944924.07295815,2832845.60085586
"1.18.13.8A",1,18,"13","8A",-16.4367328372752,-71.5803110944031,-1944960.86013218,2832842.24355026
"1.18.13.1A",1,18,"13","1A",-16.4372115338358,-71.5800569157189,-1945020.27289111,2832864.80403094
"1.18.13.1B",1,18,"13","1B",-16.4372401548449,-71.5801264838157,-1945022.75792213,2832856.54666255
"1.18.13.3A",1,18,"13","3A",-16.4370766741449,-71.5802486092281,-1945002.02304375,2832844.83925866
"1.18.13.27A",1,18,"13","27A",-16.4352201160602,-71.5804141333557,-1944781.92633637,2832850.29965498
"1.18.13.1C",1,18,"13","1C",-16.4372401826975,-71.5802193991464,-1945021.59135522,2832846.01644499
"1.18.13.1D",1,18,"13","1D",-16.4372605033139,-71.5802723977967,-1945023.31030263,2832839.74514577
"1.18.13.1E",1,18,"13","1E",-16.4375048946065,-71.5801274565468,-1945053.83365315,2832852.98259146
"1.18.13.1F",1,18,"13","1F",-16.437494434972,-71.5800718316236,-1945053.30574495,2832859.42287119
"1.18.13.1G",1,18,"13","1G",-16.437457452932,-71.5800088354819,-1945049.75616005,2832867.04453375
"1.18.13.1H",1,18,"13","1H",-16.4374088102774,-71.5799293023207,-1945045.04549726,2832876.69242741
"1.18.13.1I",1,18,"13","1I",-16.4373689081498,-71.5798703929711,-1945041.10155398,2832883.88905174
"1.18.13.1J",1,18,"13","1J",-16.437331336581,-71.5798071080221,-1945037.486376,2832891.55115137
"1.18.13.2A",1,18,"13","2A",-16.4370345432406,-71.5801014008346,-1944998.92906511,2832862.07165974
"1.18.13.5A",1,18,"13","5A",-16.4368584411114,-71.5801584324073,-1944977.53161576,2832857.90580249
"1.18.13.26A",1,18,"13","26A",-16.4351726754525,-71.580597466713,-1944774.04751373,2832830.14154574
"1.18.13.26B",1,18,"13","26B",-16.4353067112801,-71.5805598215769,-1944790.26104287,2832832.65942731
"1.18.13.33A",1,18,"13","33A",-16.4349645358111,-71.5803121184427,-1944753.19813827,2832865.19474542
"1.18.13.33B",1,18,"13","33B",-16.4349849130347,-71.5804027291053,-1944754.4503355,2832854.66012728
"1.18.13.33C",1,18,"13","33C",-16.4350200415833,-71.5804764215748,-1944757.64774073,2832845.85041878
"1.18.13.36A",1,18,"13","36A",-16.4376404820832,-71.5803821132945,-1945066.54920216,2832822.35417518
"1.18.13.37A",1,18,"13","37A",-16.4377621131441,-71.5805687274123,-1945078.4825583,2832799.61896442
"1.18.13.40A",1,18,"13","40A",-16.4379293434234,-71.5802090726021,-1945102.64838056,2832838.19576441
"1.18.13.49A",1,18,"13","49A",-16.4376354734243,-71.580051710003,-1945070.12101706,2832859.86316319
"1.18.13.50A",1,18,"13","50A",-16.4383153984419,-71.5802825056077,-1945147.05755695,2832824.83712845
"1.18.14.4A",1,18,"14","4A",-16.4248438056268,-71.5849939776766,-1943505.82620623,2832466.55414597
"1.18.14.27A",1,18,"14","27A",-16.4273356297848,-71.5884037087566,-1943755.54227096,2832047.64873819
"1.18.14.49A",1,18,"14","49A",-16.4250315627201,-71.5878592739056,-1943491.83490165,2832139.37588918
"1.18.14.81A",1,18,"14","81A",-16.4215943928251,-71.5892513709706,-1943070.7190801,2832026.39001076
"1.18.14.100A",1,18,"14","100A",-16.4222086617985,-71.5870554158295,-1943170.46297052,2832267.26277591
"1.18.14.113A",1,18,"14","113A",-16.4233319024186,-71.5872098997859,-1943300.41801284,2832235.1187869
"1.18.14.122A",1,18,"14","122A",-16.4233829563804,-71.5878508632091,-1943298.35237841,2832161.81121569
"1.18.14.139A",1,18,"14","139A",-16.4228182393491,-71.5875050411826,-1943236.38900043,2832208.36244573
"1.18.14.139B",1,18,"14","139B",-16.4228256556478,-71.5876301564716,-1943235.68647709,2832194.08607092
"1.18.14.14A",1,18,"14","14A",-16.4247123617644,-71.58590269898,-1943478.96096615,2832365.2788158
"1.18.14.41A",1,18,"14","41A",-16.4253357786621,-71.5886849755007,-1943517.17296545,2832041.83392082
"1.18.14.138A",1,18,"14","138A",-16.4228116851985,-71.5874559482931,-1943236.23674434,2832214.01171221
"1.18.14.1A",1,18,"14","1A",-16.424855818623,-71.584309722749,-1943515.84406575,2832543.94676761
"1.18.14.1B",1,18,"14","1B",-16.4251839602882,-71.5840870109093,-1943557.17856893,2832564.91064151
"1.18.14.1C",1,18,"14","1C",-16.4250776293799,-71.5843570872225,-1943541.29496863,2832535.68776033
"1.18.14.1D",1,18,"14","1D",-16.4249723427623,-71.5844179256371,-1943528.16611338,2832530.16498207
"1.18.14.1E",1,18,"14","1E",-16.4249357851751,-71.5845283251485,-1943522.48451471,2832518.12946035
"1.18.14.1F",1,18,"14","1F",-16.4249031407866,-71.5846025727673,-1943517.71720154,2832510.14016675
"1.18.14.14B",1,18,"14","14B",-16.4247658003494,-71.585977106791,-1943484.30018044,2832356.14952543
"1.18.14.14C",1,18,"14","14C",-16.4248548117505,-71.5860182813863,-1943494.23459077,2832350.32306325
"1.18.14.14D",1,18,"14","14D",-16.4249212718047,-71.5860320222673,-1943501.86593154,2832347.89963922
"1.18.14.14E",1,18,"14","14E",-16.4249795294518,-71.586026221798,-1943508.77988239,2832347.7977862
"1.18.14.14F",1,18,"14","14F",-16.4250667666164,-71.586039525668,-1943518.85650034,2832345.15310835
"1.18.14.15A",1,18,"14","15A",-16.4247981558219,-71.5864150951204,-1943482.5906427,2832306.08940544
"1.18.14.25A",1,18,"14","25A",-16.4266269724334,-71.5877792921754,-1943680.18214516,2832127.64936092
"1.18.14.40A",1,18,"14","40A",-16.4255468952102,-71.5882955780188,-1943546.86057407,2832083.21363406
"1.18.14.43A",1,18,"14","43A",-16.425124944134,-71.5883675142539,-1943496.40828395,2832080.55945679
"1.18.14.43B",1,18,"14","43B",-16.4251647922981,-71.5881213440656,-1943504.18342957,2832107.93897633
"1.18.14.43C",1,18,"14","43C",-16.4249721333979,-71.5882279365615,-1943480.2198768,2832098.36922032
"1.18.14.43D",1,18,"14","43D",-16.4249577573046,-71.5882955248902,-1943477.68174373,2832090.89667302
"1.18.14.43E",1,18,"14","43E",-16.4249419343537,-71.5883696004079,-1943474.8921329,2832082.70777878
"1.18.14.44A",1,18,"14","44A",-16.424772819679,-71.5885278929695,-1943453.04313185,2832066.9719235
"1.18.14.56A",1,18,"14","56A",-16.4233504596821,-71.5880978825199,-1943291.43002761,2832134.23926163
"1.18.14.63A",1,18,"14","63A",-16.4216950676128,-71.5894482844549,-1943080.06491915,2832002.76165083
"1.18.14.64A",1,18,"14","64A",-16.4215913486435,-71.589572698944,-1943066.32144162,2831990.01255657
"1.18.14.68A",1,18,"14","68A",-16.42130778035,-71.5898752378563,-1943029.21970325,2831959.41894252
"1.18.14.68B",1,18,"14","68B",-16.4213871309101,-71.5899576843135,-1943037.50081749,2831949.04135438
"1.18.14.73A",1,18,"14","73A",-16.4214254238939,-71.5892626033488,-1943050.73668657,2832027.31823397
"1.18.14.112A",1,18,"14","112A",-16.4231393481566,-71.5871992392129,-1943277.9412022,2832238.83601087
"1.18.14.119A",1,18,"14","119A",-16.4243607632613,-71.5873157640897,-1943419.90150324,2832209.71416502
"1.18.14.130A",1,18,"14","130A",-16.4235925418619,-71.5874431926325,-1943328.08991654,2832205.28277501
"1.18.14.141A",1,18,"14","141A",-16.4226292517204,-71.5875758897034,-1943213.30601114,2832202.79536593
"1.18.15.24A",1,18,"15","24A",-16.4327787305599,-71.5877424041759,-1944403.01400399,2832051.64356961
"1.18.15.34A",1,18,"15","34A",-16.4333357289922,-71.5870669248761,-1944476.9183134,2832120.93101855
"1.18.15.74A",1,18,"15","74A",-16.4337897827129,-71.5893604006665,-1944501.37811593,2831855.10322435
"1.18.15.1A",1,18,"15","1A",-16.4296312085987,-71.5872730000735,-1944039.32330405,2832145.87095054
"1.18.15.7A",1,18,"15","7A",-16.4298551441155,-71.5868116814303,-1944071.4225541,2832195.2324927
"1.18.15.22A",1,18,"15","22A",-16.4323513653828,-71.5877084931613,-1944353.25766161,2832061.05807595
"1.18.15.28A",1,18,"15","28A",-16.4331000522988,-71.5875438191528,-1944443.24357074,2832069.95924461
"1.18.15.34B",1,18,"15","34B",-16.4332656033311,-71.58721425258,-1944466.83005847,2832105.14926314
"1.18.15.34C",1,18,"15","34C",-16.433248778344,-71.5873209710332,-1944463.51159605,2832093.27466379
"1.18.15.46A",1,18,"15","46A",-16.436377678454,-71.5870423690579,-1944834.42598203,2832084.04952939
"1.18.15.46B",1,18,"15","46B",-16.4365635687868,-71.5870551717602,-1944856.09284872,2832080.17461225
"1.18.15.46C",1,18,"15","46C",-16.4360534058676,-71.5874090857596,-1944791.73363092,2832046.72035839
"1.18.15.55A",1,18,"15","55A",-16.4351804614442,-71.5877722824231,-1944684.6587416,2832016.94406008
"1.18.15.55B",1,18,"15","55B",-16.4356741170778,-71.5878019632502,-1944742.25211016,2832007.14374637
"1.18.15.71A",1,18,"15","71A",-16.4341636663958,-71.5894227489573,-1944544.4961645,2831843.16346207
"1.18.15.73A",1,18,"15","73A",-16.4346305354784,-71.5898728903361,-1944593.65362076,2831786.0653867
"1.18.15.73B",1,18,"15","73B",-16.4348283569723,-71.5899175697011,-1944616.32015215,2831778.42320727
"1.18.15.73C",1,18,"15","73C",-16.4345530272485,-71.5901859189234,-1944580.61404477,2831751.60247022
"1.18.15.76A",1,18,"15","76A",-16.4334137113446,-71.5890266157186,-1944461.41817852,2831897.83186676
"1.18.15.83A",1,18,"15","83A",-16.4322432659474,-71.5878974400823,-1944338.18691833,2832041.05468614
"1.18.16.31A",1,18,"16","31A",-16.4308707041886,-71.5925938903223,-1944117.93867431,2831526.71877334
"1.18.16.57A",1,18,"16","57A",-16.4328357524443,-71.59436667135,-1944326.37889904,2831300.21343084
"1.18.16.58A",1,18,"16","58A",-16.4335325861996,-71.5947784624963,-1944403.02156942,2831244.46744182
"1.18.16.9A",1,18,"16","9A",-16.4312473541095,-71.594183925293,-1944142.16763824,2831341.62200783
"1.18.16.39A",1,18,"16","39A",-16.4319708830437,-71.5933541221993,-1944237.56097489,2831426.2289389
"1.18.16.39B",1,18,"16","39B",-16.432034720208,-71.5934074694724,-1944244.38579776,2831419.35153124
"1.18.16.7A",1,18,"16","7A",-16.4321673168108,-71.5945391501589,-1944245.72210022,2831289.37874996
"1.18.16.7B",1,18,"16","7B",-16.4320585733684,-71.5944879849058,-1944233.59695985,2831296.59399043
"1.18.16.7C",1,18,"16","7C",-16.4319407885301,-71.5944041129301,-1944220.82151305,2831307.63345375
"1.18.16.7D",1,18,"16","7D",-16.43185061816,-71.5943755573217,-1944210.59285223,2831312.04448825
"1.18.16.7E",1,18,"16","7E",-16.4317474904275,-71.5943514171843,-1944198.78720335,2831316.12400072
"1.18.16.10A",1,18,"16","10A",-16.4302112306294,-71.5938875333073,-1944024.23316688,2831388.71166787
"1.18.16.30A",1,18,"16","30A",-16.4308151044911,-71.5937419340915,-1944096.97139642,2831397.34255421
"1.18.16.35A",1,18,"16","35A",-16.4311091871257,-71.5927721283225,-1944143.69987248,2831503.41220824
"1.18.16.36A",1,18,"16","36A",-16.4309257555843,-71.5928912752657,-1944120.66261926,2831492.30046751
"1.18.16.54A",1,18,"16","54A",-16.4327668572961,-71.5939432466488,-1944323.61481375,2831349.09453481
"1.18.16.65A",1,18,"16","65A",-16.4332803788704,-71.5952303473724,-1944367.72414371,2831196.54627686
"1.18.17.8A",1,18,"17","8A",-16.4180716334087,-71.593045718916,-1942609.36419199,2831642.24683716
"1.18.17.23A",1,18,"17","23A",-16.419353823629,-71.5924537625571,-1942767.36322954,2831692.63754878
"1.18.17.23B",1,18,"17","23B",-16.4193446375406,-71.5923774010847,-1942767.24441309,2831701.41145024
"1.18.17.23C",1,18,"17","23C",-16.4193380688377,-71.5923119450883,-1942767.29586211,2831708.91531882
"1.18.17.23F",1,18,"17","23F",-16.4192092146919,-71.5922886139614,-1942752.45865426,2831713.23763197
"1.18.18.2A",1,18,"18","2A",-16.4186091855708,-71.5941413305918,-1942658.71505438,2831511.07810083
"1.18.18.56A",1,18,"18","56A",-16.4155894193298,-71.5957689791795,-1942283.6747847,2831365.92876087
"1.18.18.21A",1,18,"18","21A",-16.4174352218151,-71.5944834464594,-1942516.56618714,2831487.59139298
"1.18.18.56B",1,18,"18","56B",-16.415523323014,-71.595749172013,-1942276.16252525,2831369.03402523
"1.18.19.97A",1,18,"19","97A",-16.416926752294,-71.5950285324041,-1942450.01080572,2831432.43545732
"1.18.19.173A",1,18,"19","173A",-16.413161934262,-71.5953129662442,-1942004.3643145,2831449.21023619
"1.18.19.214A",1,18,"19","214A",-16.4134561099369,-71.5963065755522,-1942026.42396673,2831332.77021228
"1.18.19.237A",1,18,"19","237A",-16.4135272117793,-71.5972124491038,-1942023.39257905,2831229.17805973
"1.18.19.310A",1,18,"19","310A",-16.4127368609935,-71.5950484907457,-1941957.77394769,2831484.7177882
"1.18.19.318B",1,18,"19","318B",-16.4135698958731,-71.5943946514448,-1942063.80592107,2831547.97769014
"1.18.19.3A",1,18,"19","3A",-16.4141311266949,-71.5936316244421,-1942139.29471807,2831627.14993754
"1.18.19.4A",1,18,"19","4A",-16.4142922478353,-71.5935925685102,-1942158.70483456,2831629.47879695
"1.18.19.23A",1,18,"19","23A",-16.4156216572466,-71.5939555831842,-1942310.24645638,2831571.02870109
"1.18.19.316A",1,18,"19","316A",-16.4128975663396,-71.5948041911741,-1941979.71366385,2831510.31391818
"1.18.20.16A",1,18,"20","16A",-16.4124841513699,-71.5939891324063,-1941941.40958938,2831608.0712892
"1.18.20.19A",1,18,"20","19A",-16.4129328234861,-71.5939071766299,-1941995.12382508,2831611.51940823
"1.18.20.14A",1,18,"20","14A",-16.4123145234434,-71.5942884422301,-1941917.73084788,2831576.35645329
"1.18.21.1A",1,18,"21","1A",-16.4124091463045,-71.5944796213655,-1941926.43983025,2831553.45713812
"1.18.21.2A",1,18,"21","2A",-16.4123945544083,-71.594546221335,-1941923.88967023,2831546.09885313
"1.18.21.2B",1,18,"21","2B",-16.4123865973351,-71.5945688928264,-1941922.67049258,2831543.63291499
"1.18.21.8A",1,18,"21","8A",-16.4121542043636,-71.5952505829431,-1941886.81804491,2831469.39737907
"1.18.21.26A",1,18,"21","26A",-16.4116395036494,-71.5970569658356,-1941803.6889193,2831271.36792272
"1.18.21.26B",1,18,"21","26B",-16.4116557779979,-71.5971352866936,-1941804.61606444,2831262.27958198
"1.18.22.8A",1,18,"22","8A",-16.4175270286798,-71.5838737431076,-1942660.71930984,2832688.86078788
"1.18.22.8B",1,18,"22","8B",-16.4174764285025,-71.5839589941489,-1942653.70537841,2832679.85769685
"1.18.22.11A",1,18,"22","11A",-16.4173565235885,-71.5835406441759,-1942644.88565024,2832728.83560023
"1.18.22.22A",1,18,"22","22A",-16.4166264392452,-71.5826428527759,-1942570.44164774,2832840.10378576
"1.18.22.175A",1,18,"22","175A",-16.4139010149048,-71.5794426585038,-1942290.63440708,2833238.33306163
"1.18.22.179A",1,18,"22","179A",-16.4143115514121,-71.5797592323058,-1942334.86367465,2833197.10212955
"1.18.22.179B",1,18,"22","179B",-16.4143293670157,-71.57984503697,-1942335.87677011,2833187.14450608
"1.18.22.179C",1,18,"22","179C",-16.4143453982015,-71.5799263952027,-1942336.73623615,2833177.71411741
"1.18.22.180A",1,18,"22","180A",-16.414382134582,-71.580123854839,-1942338.56715108,2833154.8545152
"1.18.22.189B",1,18,"22","189B",-16.4147707943902,-71.5807955782664,-1942375.76117014,2833073.65489888
"1.18.22.248A",1,18,"22","248A",-16.4148014837935,-71.5799405147057,-1942390.11781108,2833170.17136489
"1.18.22.271A",1,18,"22","271A",-16.4133805307505,-71.5793266236914,-1942230.97171323,2833258.26636931
"1.18.22.275A",1,18,"22","275A",-16.4129971344113,-71.5788510215485,-1942191.92913655,2833317.16911814
"1.18.22.306A",1,18,"22","306A",-16.4142663267752,-71.5785574203468,-1942344.66667833,2833333.91091958
"1.18.22.572A",1,18,"22","572A",-16.4168833090757,-71.5822566461535,-1942605.46253178,2832880.53018135
"1.18.22.614A",1,18,"22","614A",-16.4180040762404,-71.5830502718289,-1942727.09393741,2832775.97745855
"1.18.22.614B",1,18,"22","614B",-16.4179067886967,-71.583073814117,-1942715.3734444,2832774.57676878
"1.18.22.620A",1,18,"22","620A",-16.4173069560479,-71.5831942703754,-1942643.42057089,2832768.73946666
"1.18.22.291A",1,18,"22","291A",-16.4138243972904,-71.5786114452475,-1942292.09006918,2833333.54564173
"1.18.22.321A",1,18,"22","321A",-16.41215701021,-71.5785821691831,-1942096.65139679,2833358.58820223
"1.18.22.461A",1,18,"22","461A",-16.4131226856669,-71.5745546704971,-1942260.70771427,2833802.5142951
"1.18.22.487A",1,18,"22","487A",-16.4137774997128,-71.5736772498617,-1942348.6436439,2833893.43511481
"1.18.22.494A",1,18,"22","494A",-16.4140493045225,-71.5732088291226,-1942386.45609133,2833942.98762019
"1.18.22.499A",1,18,"22","499A",-16.4139760563152,-71.5734251585115,-1942375.13266335,2833919.42157185
"1.18.22.545A",1,18,"22","545A",-16.4150436795417,-71.5790825959939,-1942429.34868105,2833264.25594549
"1.18.22.562A",1,18,"22","562A",-16.4155132296837,-71.5813307375723,-1942456.2166816,2833003.32522704
"1.18.22.593A",1,18,"22","593A",-16.4189856455052,-71.5821195846248,-1942854.06396723,2832868.67144246
"1.18.22.622A",1,18,"22","622A",-16.417370660037,-71.583066410923,-1942652.50914825,2832782.4011117
"1.18.22.640A",1,18,"22","640A",-16.4176520120156,-71.583490044345,-1942680.22095559,2832730.72076801
"1.18.22.8C",1,18,"22","8C",-16.4180544622351,-71.5846596819744,-1942712.77238515,2832592.91148818
"1.18.22.8D",1,18,"22","8D",-16.4180732399505,-71.584909732075,-1942711.83320401,2832564.32648856
"1.18.22.8E",1,18,"22","8E",-16.4180958566277,-71.5854125084897,-1942708.1670788,2832507.0479293
"1.18.22.8F",1,18,"22","8F",-16.4181395981116,-71.5860723966558,-1942705.00630615,2832431.6876318
"1.18.22.8G",1,18,"22","8G",-16.4181525259147,-71.5863086537573,-1942703.55383026,2832404.74236598
"1.18.22.8H",1,18,"22","8H",-16.4181374928274,-71.5867872383822,-1942695.77122264,2832350.69659409
"1.18.22.8I",1,18,"22","8I",-16.4179429944854,-71.5865120254768,-1942676.39207882,2832384.42222849
"1.18.22.8J",1,18,"22","8J",-16.4179193501896,-71.5859505621532,-1942680.67499573,2832448.36531872
"1.18.22.8K",1,18,"22","8K",-16.4179093373311,-71.5856729735353,-1942682.98947395,2832479.95714918
"1.18.22.8L",1,18,"22","8L",-16.4178989117675,-71.5855475085843,-1942683.34277508,2832494.31295416
"1.18.22.8M",1,18,"22","8M",-16.4178679547941,-71.5851011479205,-1942685.32002789,2832545.3061062
"1.18.22.8N",1,18,"22","8N",-16.4178414446868,-71.5846097538974,-1942688.385858,2832601.34550702
"1.18.22.8O",1,18,"22","8O",-16.417777645959,-71.5866772912677,-1942654.89777927,2832367.84531336
"1.18.22.8P",1,18,"22","8P",-16.4175795020853,-71.5863651824122,-1942635.5543695,2832405.80020836
"1.18.22.8Q",1,18,"22","8Q",-16.41759546782,-71.5861009873921,-1942640.75091084,2832435.53560508
"1.18.22.11B",1,18,"22","11B",-16.4172311309824,-71.5834145479467,-1942631.74650182,2832744.76104424
"1.18.22.18A",1,18,"22","18A",-16.4166074255117,-71.5833541744749,-1942559.264226,2832759.72962757
"1.18.22.18B",1,18,"22","18B",-16.4166982612504,-71.5834898319366,-1942568.22521581,2832743.1707076
"1.18.22.18C",1,18,"22","18C",-16.4167799357019,-71.5836099625166,-1942576.30563703,2832728.49098843
"1.18.22.22B",1,18,"22","22B",-16.4165826150914,-71.5828963858802,-1942562.10724045,2832811.9390279
"1.18.22.22C",1,18,"22","22C",-16.416538040369,-71.5828377262907,-1942557.61046219,2832819.16830698
"1.18.22.22D",1,18,"22","22D",-16.4164703551471,-71.582769158523,-1942550.52440916,2832827.82168887
"1.18.22.37A",1,18,"22","37A",-16.4146036995289,-71.5824474515745,-1942335.36774529,2832888.60308865
"1.18.22.37B",1,18,"22","37B",-16.4147130265192,-71.5826108851344,-1942346.15109743,2832868.65485846
"1.18.22.37C",1,18,"22","37C",-16.4147645322601,-71.5827071660048,-1942350.9888309,2832857.07116237
"1.18.22.37D",1,18,"22","37D",-16.414800425372,-71.5828406129863,-1942353.52585701,2832841.47836892
"1.18.22.37E",1,18,"22","37E",-16.4149099810028,-71.5829452264909,-1942365.07562915,2832828.1940373
"1.18.22.37F",1,18,"22","37F",-16.4149503536892,-71.5830961169776,-1942367.9193693,2832810.56584132
"1.18.22.39A",1,18,"22","39A",-16.4152311455219,-71.583491994394,-1942395.91517692,2832762.0384717
"1.18.22.39B",1,18,"22","39B",-16.4152989894871,-71.5835414638492,-1942403.2600748,2832755.54772281
"1.18.22.41A",1,18,"22","41A",-16.4162790668249,-71.5841289264295,-1942510.96351343,2832676.19652629
"1.18.22.41B",1,18,"22","41B",-16.4162168134971,-71.5839517709953,-1942505.880651,2832697.08641534
"1.18.22.41C",1,18,"22","41C",-16.4161646329743,-71.5837591884363,-1942502.17461738,2832719.59363761
"1.18.22.41D",1,18,"22","41D",-16.4160592824387,-71.5836069143224,-1942491.71803184,2832738.22497206
"1.18.22.41E",1,18,"22","41E",-16.4159863773111,-71.5834612964109,-1942484.98779811,2832755.67923159
"1.18.22.41F",1,18,"22","41F",-16.4158954550165,-71.5833124492669,-1942476.18241758,2832773.73424208
"1.18.22.41G",1,18,"22","41G",-16.4158342792789,-71.5831322439601,-1942471.26446703,2832794.95593235
"1.18.22.41H",1,18,"22","41H",-16.415722169072,-71.5829593987623,-1942460.27274221,2832816.0070113
"1.18.22.41I",1,18,"22","41I",-16.4156578294677,-71.5828061000766,-1942454.64493832,2832834.22034706
"1.18.22.41J",1,18,"22","41J",-16.4154630090367,-71.5829496689238,-1942429.96191261,2832820.48604772
"1.18.22.41K",1,18,"22","41K",-16.4154899176149,-71.58304555835,-1942431.91608133,2832809.26721623
"1.18.22.41L",1,18,"22","41L",-16.4155276419314,-71.5831556010846,-1942434.96238288,2832796.3033331
"1.18.22.41M",1,18,"22","41M",-16.4155722762038,-71.5832623879968,-1942438.86106043,2832783.61846421
"1.18.22.41N",1,18,"22","41N",-16.4156459463138,-71.5833788673215,-1942446.04754077,2832769.45679638
"1.18.22.41O",1,18,"22","41O",-16.4156462067561,-71.5834703721361,-1942444.92756759,2832759.08211994
"1.18.22.41P",1,18,"22","41P",-16.4157195901773,-71.5835807259417,-1942452.15740307,2832745.61848999
"1.18.22.53A",1,18,"22","53A",-16.41503768285,-71.5834384178482,-1942373.87053658,2832770.63115006
"1.18.22.53B",1,18,"22","53B",-16.4150772755879,-71.5835286975231,-1942377.38478954,2832759.88292164
"1.18.22.53C",1,18,"22","53C",-16.4151216514022,-71.5835967266515,-1942381.74048018,2832751.59430861
"1.18.22.70A",1,18,"22","70A",-16.4146917636199,-71.5834227701939,-1942333.44603833,2832776.9108797
"1.18.22.72A",1,18,"22","72A",-16.4147854544812,-71.583639254901,-1942341.72626303,2832751.15360021
"1.18.22.79A",1,18,"22","79A",-16.4144384249648,-71.5828492684664,-1942310.9072236,2832845.21310415
"1.18.22.82A",1,18,"22","82A",-16.414643193633,-71.5829775419996,-1942333.34042605,2832828.0067621
"1.18.22.82B",1,18,"22","82B",-16.4146048974406,-71.583016616877,-1942328.35199536,2832824.07679975
"1.18.22.84A",1,18,"22","84A",-16.4143864918402,-71.5830985017844,-1942301.6750362,2832817.64086946
"1.18.22.92A",1,18,"22","92A",-16.4145019025916,-71.5826897601183,-1942320.36698855,2832862.46529179
"1.18.22.95A",1,18,"22","95A",-16.414559426055,-71.5840677834951,-1942309.79604296,2832705.52768335
"1.18.22.95B",1,18,"22","95B",-16.4145415882505,-71.584013736833,-1942308.38086381,2832711.88578611
"1.18.22.132A",1,18,"22","132A",-16.4134897592921,-71.5816715162447,-1942214.31310588,2832991.06172086
"1.18.22.132B",1,18,"22","132B",-16.4133886825812,-71.5814613674168,-1942205.08586398,2833016.19760668
"1.18.22.132C",1,18,"22","132C",-16.4134490657604,-71.5814369282154,-1942212.48403462,2833018.18103326
"1.18.22.132D",1,18,"22","132D",-16.4135346701553,-71.5814029928804,-1942222.96337174,2833020.91222543
"1.18.22.132E",1,18,"22","132E",-16.4135929381001,-71.5813840364891,-1942230.04421182,2833022.30175188
"1.18.22.132F",1,18,"22","132F",-16.4136554362739,-71.5813541144953,-1942237.7596951,2833024.87905313
"1.18.22.132G",1,18,"22","132G",-16.4137834106235,-71.5815614790169,-1942250.18051931,2832999.70834735
"1.18.22.145A",1,18,"22","145A",-16.4142685173698,-71.5823647740626,-1942297.04666698,2832902.34047327
"1.18.22.152A",1,18,"22","152A",-16.4139674006787,-71.5818866652087,-1942267.6978599,2832960.45362496
"1.18.22.157A",1,18,"22","157A",-16.4115067136364,-71.5821683854858,-1941975.19464332,2832960.57549867
"1.18.22.157B",1,18,"22","157B",-16.4116326904149,-71.5820840123752,-1941991.0489865,2832968.49791699
"1.18.22.157C",1,18,"22","157C",-16.4117413703242,-71.5820223901416,-1942004.58612521,2832974.0669086
"1.18.22.163A",1,18,"22","163A",-16.4115898325326,-71.5819339347116,-1941987.9029172,2832986.06675289
"1.18.22.163C",1,18,"22","163C",-16.4114176759093,-71.5820383830418,-1941966.37320958,2832976.47040055
"1.18.22.163B",1,18,"22","163B",-16.411479564448,-71.5820131018185,-1941973.95869628,2832978.52980121
"1.18.22.182A",1,18,"22","182A",-16.4141903938451,-71.5805093637084,-1942311.20285721,2833113.65735896
"1.18.22.182B",1,18,"22","182B",-16.4142717676399,-71.5804995218327,-1942320.88249522,2833113.71270773
"1.18.22.182C",1,18,"22","182C",-16.4143332587392,-71.580456406251,-1942328.64568732,2833117.79847596
"1.18.22.182D",1,18,"22","182D",-16.4144188022747,-71.5804369508668,-1942338.93587857,2833118.88912174
"1.18.22.189C",1,18,"22","189C",-16.414685676023,-71.5807948460381,-1942365.77479135,2833074.84686366
"1.18.22.189D",1,18,"22","189D",-16.414550269215,-71.5808504432932,-1942349.1746217,2833070.30940222
"1.18.22.189E",1,18,"22","189E",-16.4145020610098,-71.580741711514,-1942344.88074168,2833083.26156424
"1.18.22.189F",1,18,"22","189F",-16.414439354075,-71.5806486751589,-1942338.68688269,2833094.62365304
"1.18.22.189G",1,18,"22","189G",-16.4142751088697,-71.580697159723,-1942318.78959529,2833091.26806346
"1.18.22.189H",1,18,"22","189H",-16.4143036920935,-71.5807680304101,-1942321.25499025,2833082.86289668
"1.18.22.189I",1,18,"22","189I",-16.4143448837931,-71.5808318395616,-1942325.28981686,2833075.09385193
"1.18.22.189J",1,18,"22","189J",-16.4144014481964,-71.5808810425911,-1942331.31355168,2833068.78004845
"1.18.22.189K",1,18,"22","189K",-16.4143037801863,-71.5810125761265,-1942318.19025604,2833055.14395551
"1.18.22.189L",1,18,"22","189L",-16.4143484264185,-71.5811693289291,-1942321.46203604,2833036.79533257
"1.18.22.189M",1,18,"22","189M",-16.4144279790338,-71.5812974642259,-1942329.19277528,2833021.23558852
"1.18.22.189N",1,18,"22","189N",-16.4144800364569,-71.581230059638,-1942336.15352658,2833028.19726627
"1.18.22.189O",1,18,"22","189O",-16.4145693783668,-71.5810347645366,-1942349.10083753,2833049.16877304
"1.18.22.213A",1,18,"22","213A",-16.4154856522818,-71.5817088242462,-1942448.2237998,2832960.83114889
"1.18.22.217A",1,18,"22","217A",-16.4152562359349,-71.5817960956711,-1942420.1858225,2832953.92848915
"1.18.22.217B",1,18,"22","217B",-16.4152336936121,-71.5816620976204,-1942419.22363987,2832969.40988823
"1.18.22.226A",1,18,"22","226A",-16.414047750011,-71.5815906397702,-1942280.85555087,2832992.95950395
"1.18.22.226B",1,18,"22","226B",-16.4139488864081,-71.581376129812,-1942271.9431278,2833018.56083852
"1.18.22.235A",1,18,"22","235A",-16.4138729334516,-71.5798971937546,-1942281.6208338,2833187.17958274
"1.18.22.247A",1,18,"22","247A",-16.4148117137235,-71.5798098878877,-1942392.96186067,2833184.84387988
"1.18.22.253A",1,18,"22","253A",-16.4145191570329,-71.5799162493165,-1942357.26871251,2833176.60019366
"1.18.22.277A",1,18,"22","277A",-16.4129369927882,-71.5785321150124,-1942188.87687026,2833354.09960465
"1.18.22.293A",1,18,"22","293A",-16.4135155140837,-71.5786289876087,-1942255.59631072,2833335.58184812
"1.18.22.299A",1,18,"22","299A",-16.4139299001103,-71.578788103071,-1942302.2579558,2833312.14758291
"1.18.22.300A",1,18,"22","300A",-16.4140268590429,-71.5786360777314,-1942315.556016,2833328.11566152
"1.18.22.300B",1,18,"22","300B",-16.4140298381975,-71.5785633786957,-1942316.8201394,2833336.31696605
"1.18.22.309A",1,18,"22","309A",-16.4139454204865,-71.5782676245436,-1942310.62615993,2833370.9394116
"1.18.22.313A",1,18,"22","313A",-16.4142168969026,-71.5781528399925,-1942343.95014465,2833380.41242842
"1.18.22.333A",1,18,"22","333A",-16.4116820544638,-71.5790208413984,-1942035.35962302,2833315.05366444
"1.18.22.333B",1,18,"22","333B",-16.4116820317799,-71.5789144155495,-1942036.69518994,2833327.11703122
"1.18.22.333C",1,18,"22","333C",-16.4116672369876,-71.5788364882336,-1942035.93767411,2833336.14262094
"1.18.22.333D",1,18,"22","333D",-16.4116711782252,-71.5787524218404,-1942037.45759307,2833345.61997529
"1.18.22.333E",1,18,"22","333E",-16.4116652182693,-71.5786809080912,-1942037.65694248,2833353.80351547
"1.18.22.333F",1,18,"22","333F",-16.4116750005586,-71.578606826953,-1942039.73724635,2833362.07297815
"1.18.22.333G",1,18,"22","333G",-16.4114991359664,-71.5785834116806,-1942019.37927616,2833367.01817733
"1.18.22.333H",1,18,"22","333H",-16.4114704917517,-71.5786832656436,-1942014.75987943,2833356.07314424
"1.18.22.333I",1,18,"22","333I",-16.4114878241208,-71.5787583777945,-1942015.85079406,2833347.3335692
"1.18.22.333J",1,18,"22","333J",-16.4114902878618,-71.5788338114218,-1942015.1915948,2833338.75126348
"1.18.22.333K",1,18,"22","333K",-16.411490309422,-71.5789239151386,-1942014.06114104,2833328.53796124
"1.18.22.333L",1,18,"22","333L",-16.4114813276473,-71.5790033902326,-1942012.00704754,2833319.64668062
"1.18.22.333M",1,18,"22","333M",-16.4114788784171,-71.5790948455935,-1942010.56945665,2833309.31237034
"1.18.22.333N",1,18,"22","333N",-16.4114797208191,-71.579171069195,-1942009.70994333,2833300.66166134
"1.18.22.334A",1,18,"22","334A",-16.4114395300261,-71.5796729438436,-1941998.67973057,2833244.29921217
"1.18.22.334B",1,18,"22","334B",-16.4113240666355,-71.5796922820939,-1941984.87738138,2833243.61140819
"1.18.22.334C",1,18,"22","334C",-16.411184265314,-71.5794555279098,-1941971.43694588,2833272.26798706
"1.18.22.334D",1,18,"22","334D",-16.4112960911579,-71.5794265358023,-1941984.93353387,2833274.09741168
"1.18.22.334E",1,18,"22","334E",-16.4113927932201,-71.5794254187347,-1941996.30359783,2833272.9642861
"1.18.22.334F",1,18,"22","334F",-16.4115053520168,-71.5794043266928,-1942009.7869274,2833273.88868928
"1.18.22.334G",1,18,"22","334G",-16.411804693889,-71.5794409265117,-1942044.47933814,2833265.84060187
"1.18.22.334H",1,18,"22","334H",-16.4119669264966,-71.5794975086829,-1942062.81932105,2833257.31372597
"1.18.22.334I",1,18,"22","334I",-16.4116701033915,-71.579586948294,-1942026.83791145,2833251.0428471
"1.18.22.337A",1,18,"22","337A",-16.410064900734,-71.579681941011,-1941837.13979492,2833261.1858917
"1.18.22.337B",1,18,"22","337B",-16.4098567735051,-71.5796077481521,-1941813.63156653,2833272.30653834
"1.18.22.343A",1,18,"22","343A",-16.4114853664619,-71.5780285839108,-1942024.73903691,2833430.08604977
"1.18.22.343B",1,18,"22","343B",-16.411494650052,-71.5780800372775,-1942025.18222811,2833424.13296945
"1.18.22.343C",1,18,"22","343C",-16.41149261511,-71.5781709977303,-1942023.79944914,2833413.84930717
"1.18.22.343D",1,18,"22","343D",-16.4114885138044,-71.5782544275098,-1942022.26871126,2833404.44615571
"1.18.22.343E",1,18,"22","343E",-16.4114885296215,-71.5783279643466,-1942021.34586807,2833396.11071321
"1.18.22.343F",1,18,"22","343F",-16.4114926685832,-71.5784200982034,-1942020.67337525,2833385.61362892
"1.18.22.346A",1,18,"22","346A",-16.4129827952943,-71.5776643035372,-1942205.16902637,2833451.86648566
"1.18.22.347A",1,18,"22","347A",-16.4130120885132,-71.5779270983804,-1942205.30413069,2833421.69781171
"1.18.22.379A",1,18,"22","379A",-16.4123702909455,-71.5759545472008,-1942154.74260623,2833653.64459097
"1.18.22.379B",1,18,"22","379B",-16.412411415819,-71.5772672043987,-1942143.06351156,2833504.32144109
"1.18.22.379C",1,18,"22","379C",-16.4127789252411,-71.5780837279716,-1942175.95315251,2833406.98227915
"1.18.22.380A",1,18,"22","380A",-16.4124203379759,-71.5745617353388,-1942178.13791341,2833810.86631226
"1.18.22.380B",1,18,"22","380B",-16.4124428389311,-71.5746406555873,-1942179.7876838,2833801.62752713
"1.18.22.380C",1,18,"22","380C",-16.4124908656799,-71.5747960975494,-1942183.47262379,2833783.38243004
"1.18.22.381A",1,18,"22","381A",-16.4119163050096,-71.57561102335,-1942105.74907704,2833698.49823469
"1.18.22.381B",1,18,"22","381B",-16.4118434522248,-71.576158399496,-1942090.30943214,2833637.40296384
"1.18.22.384A",1,18,"22","384A",-16.4120803065619,-71.5742074004671,-1942142.6627124,2833855.4611749
"1.18.22.384B",1,18,"22","384B",-16.4117759128381,-71.5742692844879,-1942106.13744229,2833852.41327709
"1.18.22.384C",1,18,"22","384C",-16.4115707494754,-71.5743049948262,-1942081.59464254,2833851.03901001
"1.18.22.384D",1,18,"22","384D",-16.4115505794958,-71.5742182324922,-1942080.31721371,2833861.13638191
"1.18.22.384E",1,18,"22","384E",-16.4115279829513,-71.5741209626839,-1942078.88698012,2833872.45640822
"1.18.22.384F",1,18,"22","384F",-16.411479126475,-71.5740229897269,-1942074.38171703,2833884.1983434
"1.18.22.384G",1,18,"22","384G",-16.4116430900864,-71.5739760022879,-1942094.22804601,2833887.38774196
"1.18.22.386A",1,18,"22","386A",-16.4116491847552,-71.5738354199319,-1942096.71201575,2833903.24339435
"1.18.22.386B",1,18,"22","386B",-16.4116186306348,-71.5737243453019,-1942094.52093508,2833916.23192915
"1.18.22.386C",1,18,"22","386C",-16.4115993498887,-71.5736234834877,-1942093.52531065,2833927.91593703
"1.18.22.386D",1,18,"22","386D",-16.4115297867955,-71.5734319825037,-1942087.76475863,2833950.52923699
"1.18.22.387A",1,18,"22","387A",-16.4101711875035,-71.5762933338891,-1941892.22973744,2833643.89644298
"1.18.22.400A",1,18,"22","400A",-16.4111279551703,-71.5727505640105,-1942049.1458325,2834033.00541581
"1.18.22.490A",1,18,"22","490A",-16.4151503656965,-71.5731892262525,-1942516.00764799,2833930.8582081
"1.18.22.394A",1,18,"22","394A",-16.4118081744006,-71.5733916643026,-1942120.96489303,2833951.47145543
"1.18.22.544A",1,18,"22","544A",-16.4150175861967,-71.5788794618829,-1942428.83918586,2833287.62011982
"1.18.22.579A",1,18,"22","579A",-16.4186027417159,-71.5823699079866,-1942805.9513434,2832845.28929286
"1.18.22.583A",1,18,"22","583A",-16.4183772715944,-71.5818152808964,-1942786.4496596,2832911.08877924
"1.18.22.583B",1,18,"22","583B",-16.4182887698812,-71.5818284387279,-1942775.89139066,2832910.75068949
"1.18.22.583C",1,18,"22","583C",-16.418196274626,-71.5818762786598,-1942764.42797815,2832906.53374304
"1.18.22.566A",1,18,"22","566A",-16.4162775468145,-71.5820283376489,-1942537.19865643,2832914.29947498
"1.18.22.566B",1,18,"22","566B",-16.4164464938201,-71.5820956495499,-1942556.19172956,2832904.46903899
"1.18.22.567A",1,18,"22","567A",-16.416663285612,-71.5822533413004,-1942579.66666694,2832883.77145105
"1.18.22.597A",1,18,"22","597A",-16.4195916101575,-71.582191717056,-1942924.3151705,2832852.59966032
"1.18.22.624A",1,18,"22","624A",-16.4171625361466,-71.5828401852077,-1942630.91402744,2832810.75326887
"1.18.22.624B",1,18,"22","624B",-16.4173943236282,-71.5827582998315,-1942659.16253187,2832817.0142436
"1.18.22.624C",1,18,"22","624C",-16.4175902622351,-71.5827175535005,-1942682.68398217,2832819.07952491
"1.18.22.624D",1,18,"22","624D",-16.4177908685503,-71.5826781680056,-1942706.73645307,2832820.92971107
"1.18.22.643A",1,18,"22","643A",-16.4178621041439,-71.5832659683829,-1942707.70974247,2832753.38022776
"1.18.22.643B",1,18,"22","643B",-16.4180564710418,-71.5831958723296,-1942731.41563199,2832758.79245473
"1.18.22.639A",1,18,"22","639A",-16.4182503250714,-71.5837882575145,-1942746.73032374,2832689.12606519
"1.18.22.639B",1,18,"22","639B",-16.4183453367102,-71.5837160537152,-1942758.79543398,2832696.07167389
"1.18.22.639C",1,18,"22","639C",-16.4179023083591,-71.5837412189597,-1942706.45454638,2832698.99165864
"1.18.23.273A",1,18,"23","273A",-16.4090074144793,-71.5659287766992,-1941885.92870225,2834833.92428745
"1.18.23.278A",1,18,"23","278A",-16.408960436378,-71.565607970597,-1941884.44785476,2834870.90248974
"1.18.23.326A",1,18,"23","326A",-16.4106259072817,-71.5672413795718,-1942059.4923133,2834664.0344601
"1.18.23.327A",1,18,"23","327A",-16.4107574613271,-71.567315206997,-1942074.01327986,2834653.9508389
"1.18.23.331A",1,18,"23","331A",-16.4105676838899,-71.5676826319945,-1942047.10272785,2834614.77509686
"1.18.23.372A",1,18,"23","372A",-16.4109880590648,-71.5684214139385,-1942087.17686319,2834525.55096238
"1.18.23.376A",1,18,"23","376A",-16.4112853849774,-71.5680571692188,-1942126.67776132,2834562.96402259
"1.18.23.377A",1,18,"23","377A",-16.4113239960988,-71.5679720315929,-1942132.28346931,2834572.11143872
"1.18.23.377B",1,18,"23","377B",-16.4113372425111,-71.5679431617216,-1942134.20237643,2834575.21129406
"1.18.23.405A",1,18,"23","405A",-16.4108249698403,-71.5685052992264,-1942066.96821381,2834518.16803407
"1.18.23.409A",1,18,"23","409A",-16.4109133924541,-71.5690470904048,-1942070.53626625,2834455.60111216
"1.18.23.415A",1,18,"23","415A",-16.4110453471576,-71.5694213753919,-1942081.3241966,2834411.45449084
"1.18.23.469A",1,18,"23","469A",-16.4119208800274,-71.5685945078267,-1942194.54979973,2834493.77052126
"1.18.23.476A",1,18,"23","476A",-16.4118725900023,-71.5694140526657,-1942178.56744617,2834401.50179285
"1.18.23.485A",1,18,"23","485A",-16.4117501714786,-71.5683767160799,-1942177.24198904,2834520.683319
"1.18.23.546A",1,18,"23","546A",-16.4120426106148,-71.5708315265876,-1942180.70151792,2834238.61125387
"1.18.23.553A",1,18,"23","553A",-16.4121172037063,-71.5717261068222,-1942178.20771349,2834136.23674018
"1.18.23.554A",1,18,"23","554A",-16.4118003482074,-71.5714843642066,-1942144.03786043,2834167.76835493
"1.18.23.563A",1,18,"23","563A",-16.4114267524484,-71.5711426505756,-1942104.46204974,2834211.37150299
"1.18.23.27A",1,18,"23","27A",-16.41007119,-71.57161729,-1941939.29631021,2834175.23629345
"1.18.23.27B",1,18,"23","27B",-16.41003598,-71.57176574,-1941933.29403493,2834158.86788247
"1.18.23.27C",1,18,"23","27C",-16.410113,-71.57192709,-1941940.30961483,2834139.57468215
"1.18.23.27D",1,18,"23","27D",-16.40989437,-71.57208429,-1941912.65681466,2834124.60469462
"1.18.23.27E",1,18,"23","27E",-16.40987522,-71.57230301,-1941907.65682173,2834100.06170653
"1.18.23.28A",1,18,"23","28A",-16.40944746,-71.57110718,-1941872.46271374,2834241.18739108
"1.18.23.28B",1,18,"23","28B",-16.40932115,-71.57107536,-1941858.02925371,2834246.44035504
"1.18.23.28C",1,18,"23","28C",-16.409233,-71.57105943,-1941847.87738655,2834249.39482888
"1.18.23.28D",1,18,"23","28D",-16.4091524,-71.57105564,-1941838.45947994,2834250.87479117
"1.18.23.28E",1,18,"23","28E",-16.40907466,-71.57105627,-1941829.32185147,2834251.81645325
"1.18.23.28F",1,18,"23","28F",-16.40899202,-71.57102291,-1941820.03630439,2834256.6748764
"1.18.23.28G",1,18,"23","28G",-16.40889399,-71.57100483,-1941808.75117222,2834260.00179888
"1.18.23.28H",1,18,"23","28H",-16.4088032,-71.57099004,-1941798.2749131,2834262.86143356
"1.18.23.28I",1,18,"23","28I",-16.40870714,-71.57095049,-1941787.49118025,2834268.59639731
"1.18.23.28J",1,18,"23","28J",-16.40862637,-71.57096655,-1941777.80362162,2834267.82846264
"1.18.23.279A",1,18,"23","279A",-16.4087771358652,-71.5654277935404,-1941865.18755792,2834893.71639673
"1.18.23.280A",1,18,"23","280A",-16.4084345342286,-71.5651949293887,-1941827.88135923,2834924.57943449
"1.18.23.280B",1,18,"23","280B",-16.4083502355054,-71.5652580879361,-1941817.18641045,2834918.51874596
"1.18.23.280C",1,18,"23","280C",-16.4084171130202,-71.5653226988168,-1941824.22776961,2834910.32279067
"1.18.23.280D",1,18,"23","280D",-16.4085000231425,-71.5653592463193,-1941833.50513171,2834905.0990664
"1.18.23.280E",1,18,"23","280E",-16.4085628744466,-71.5654167808165,-1941840.16266845,2834897.75776899
"1.18.23.280F",1,18,"23","280F",-16.4085976144834,-71.5654811491043,-1941843.43275577,2834890.00825073
"1.18.23.280G",1,18,"23","280G",-16.4086321252088,-71.5655356027566,-1941846.80065706,2834883.38563044
"1.18.23.280H",1,18,"23","280H",-16.4086734614886,-71.5655995719201,-1941850.85044574,2834875.59538156
"1.18.23.280I",1,18,"23","280I",-16.4087039832544,-71.5656606617397,-1941853.66637656,2834868.27250464
"1.18.23.280J",1,18,"23","280J",-16.408726144168,-71.5657281474577,-1941855.41991545,2834860.33359268
"1.18.23.280K",1,18,"23","280K",-16.408765831103,-71.5657958347204,-1941859.22921944,2834852.14338322
"1.18.23.280L",1,18,"23","280L",-16.408807009663,-71.5658621558961,-1941863.23089083,2834844.08859235
"1.18.23.280M",1,18,"23","280M",-16.4088455669804,-71.5659266383518,-1941866.94785084,2834836.27640845
"1.18.24.101A",1,18,"24","101A",-16.4199698530571,-71.5689558436228,-1943135.26895995,2834347.86692269
"1.18.24.9A",1,18,"24","9A",-16.4226858091926,-71.5699415515113,-1943441.81799046,2834200.71929011
"1.18.24.9B",1,18,"24","9B",-16.4227997975185,-71.5697652565814,-1943457.42373409,2834219.21468092
"1.18.24.9C",1,18,"24","9C",-16.4228247230648,-71.5696306493497,-1943462.04541222,2834234.14661464
"1.18.24.100A",1,18,"24","100A",-16.4201239014048,-71.5693442437391,-1943148.47141351,2834301.83385399
"1.18.24.100B",1,18,"24","100B",-16.420060836034,-71.5692985451295,-1943141.64031933,2834307.83610455
"1.18.24.100C",1,18,"24","100C",-16.4199914398005,-71.5692329866969,-1943134.31570705,2834316.17197534
"1.18.24.100D",1,18,"24","100D",-16.4199652973772,-71.5691497317306,-1943132.29349599,2834325.94962673
"1.18.24.100E",1,18,"24","100E",-16.4199437968587,-71.5690793692451,-1943130.6541494,2834334.20542022
"1.18.25.17A",1,18,"25","17A",-16.4272656774963,-71.5678923663088,-1944005.46774744,2834373.23657024
"1.18.25.262A",1,18,"25","262A",-16.4248154257009,-71.5662856690059,-1943737.94499023,2834587.31542749
"1.18.26.11A",1,18,"26","11A",-16.4198622603936,-71.5639319059022,-1943185.87831936,2834918.72899242
"1.18.26.11B",1,18,"26","11B",-16.4205635580086,-71.5643287049683,-1943263.24401599,2834864.60318089
"1.18.26.15A",1,18,"26","15A",-16.4195185507011,-71.5602343521805,-1943192.07053365,2835342.33836042
"1.18.26.15B",1,18,"26","15B",-16.4194052507654,-71.5605250520641,-1943175.10336797,2835310.8648316
"1.18.26.16A",1,18,"26","16A",-16.4179856434648,-71.5624807140726,-1942983.75466573,2835107.70446192
"1.18.26.23A",1,18,"26","23A",-16.4150282554408,-71.5576158000923,-1942697.67852415,2835697.75038336
"1.18.26.23B",1,18,"26","23B",-16.4150608339149,-71.5577099520214,-1942700.31922038,2835686.65245928
"1.18.26.23C",1,18,"26","23C",-16.4151279388213,-71.5578694252756,-1942706.19242729,2835667.6994096
"1.18.26.28A",1,18,"26","28A",-16.414724705272,-71.5616019589882,-1942611.84090426,2835249.85020629
"1.18.26.28B",1,18,"26","28B",-16.4145044431367,-71.5614767168108,-1942587.54899604,2835266.92001575
"1.18.26.29A",1,18,"26","29A",-16.4143708237776,-71.5613763618044,-1942573.11947952,2835280.03865966
"1.18.26.29B",1,18,"26","29B",-16.4142973450914,-71.5613272961863,-1942565.10748039,2835286.55892909
"1.18.26.40A",1,18,"26","40A",-16.4111135758479,-71.5600662467981,-1942207.06311758,2835471.03181879
"1.18.26.40B",1,18,"26","40B",-16.4107734015156,-71.5599423029395,-1942168.67114047,2835489.51835348
"1.18.26.40C",1,18,"26","40C",-16.4102365049624,-71.5597341599126,-1942108.23464569,2835520.11516363
"1.18.27.9A",1,18,"27","9A",-16.4200840284051,-71.5596591506542,-1943265.72654882,2835400.16106303
"1.18.27.9B",1,18,"27","9B",-16.4193372865039,-71.5593229050416,-1943182.26004178,2835448.01936347
"1.18.27.22A",1,18,"27","22A",-16.4180058338078,-71.557199393798,-1943052.62943274,2835706.10370127
"1.18.27.22B",1,18,"27","22B",-16.4180909364262,-71.5572570219667,-1943061.89867775,2835698.46071074
"1.18.27.22C",1,18,"27","22C",-16.418192772946,-71.5573362085963,-1943072.86174711,2835688.1555843
"1.18.27.22D",1,18,"27","22D",-16.4184048798255,-71.557113539261,-1943100.57735384,2835710.62878988
"1.18.27.22E",1,18,"27","22E",-16.4187660302915,-71.5567227331201,-1943147.915413,2835750.21633476
"1.18.27.32A",1,18,"27","32A",-16.4197028603808,-71.5577628390905,-1943244.84279437,2835620.0894715
"1.18.27.32B",1,18,"27","32B",-16.4195161001917,-71.5576251429409,-1943224.64279036,2835638.13512159
"1.18.27.32C",1,18,"27","32C",-16.4193809644199,-71.5575206834868,-1943210.08724802,2835651.73957579
"1.18.27.32D",1,18,"27","32D",-16.4192579758906,-71.5574304689878,-1943196.77892938,2835663.57078849
"1.18.27.32E",1,18,"27","32E",-16.418963405568,-71.5571471573102,-1943165.75092976,2835699.52969156
"1.18.27.32F",1,18,"27","32F",-16.4188692799639,-71.5572943696377,-1943152.84210539,2835684.0706017
"1.18.27.32G",1,18,"27","32G",-16.4187645263381,-71.5574463309737,-1943138.62527914,2835668.21185623
"1.18.27.45A",1,18,"27","45A",-16.4205639600766,-71.5597815037888,-1943320.55107418,2835380.02958364
"1.18.27.45B",1,18,"27","45B",-16.4206005967621,-71.5598391951031,-1943324.12729279,2835373.01205253
"1.18.27.45C",1,18,"27","45C",-16.4206333354658,-71.5598822601761,-1943327.42991598,2835367.70331331
"1.18.27.45D",1,18,"27","45D",-16.4206606182481,-71.5599285759102,-1943330.05083201,2835362.09729736
"1.18.27.49A",1,18,"27","49A",-16.4209152344394,-71.5602558567367,-1943355.83233083,2835321.67682805
"1.18.27.49B",1,18,"27","49B",-16.4209721371085,-71.5603273611315,-1943361.61470423,2835312.82914857
"1.18.27.49C",1,18,"27","49C",-16.4210134504494,-71.5603883028329,-1943365.69922511,2835305.38219705
"1.18.27.49D",1,18,"27","49D",-16.4210438520306,-71.5604573710522,-1943368.39987977,2835297.15647457
"1.18.27.49E",1,18,"27","49E",-16.4210719163705,-71.5605483793988,-1943370.54973136,2835286.47429762
"1.18.27.57A",1,18,"27","57A",-16.4219544536812,-71.5607443630342,-1943471.73012277,2835252.74329131
"1.18.27.57B",1,18,"27","57B",-16.4218590296375,-71.5608783261648,-1943458.83602334,2835238.80358381
"1.18.27.57C",1,18,"27","57C",-16.4217575456951,-71.561018748012,-1943445.14891582,2835224.21083188
"1.18.27.57D",1,18,"27","57D",-16.4217392430424,-71.5606865240655,-1943447.1834044,2835262.10767212
"1.18.27.57E",1,18,"27","57E",-16.4216326926476,-71.5605890387836,-1943435.89745349,2835274.54812957
"1.18.28.1A",1,18,"28","1A",-16.4430057189517,-71.5731510226973,-1945787.66452652,2833571.8130878
"1.18.28.26A",1,18,"28","26A",-16.4388859213936,-71.570288285694,-1945339.9298276,2833950.03160803
"1.18.28.42A",1,18,"28","42A",-16.4371753742669,-71.568972368408,-1945155.62976075,2834121.49946733
"1.18.28.55A",1,18,"28","55A",-16.4339743896422,-71.5677556757218,-1944795.04484822,2834301.17899936
"1.18.28.55B",1,18,"28","55B",-16.433841914789,-71.5676792388817,-1944780.45025328,2834311.57135084
"1.18.28.63A",1,18,"28","63A",-16.4329060444083,-71.5671411747005,-1944677.32195118,2834384.7702497
"1.18.28.66A",1,18,"28","66A",-16.4329919722682,-71.5663949419049,-1944696.81355215,2834468.22606414
"1.18.28.66B",1,18,"28","66B",-16.4330756468154,-71.5664680318815,-1944705.71939368,2834458.84988568
"1.18.28.66C",1,18,"28","66C",-16.4331785435597,-71.5665387638221,-1944716.91235363,2834449.49006319
"1.18.28.66D",1,18,"28","66D",-16.4332803095005,-71.5666094957346,-1944727.97250682,2834440.14501046
"1.18.28.66E",1,18,"28","66E",-16.4332271688172,-71.5669902752705,-1944716.93497066,2834397.68150923
"1.18.28.66F",1,18,"28","66F",-16.4336545818184,-71.5668947818888,-1944768.33237721,2834402.92558453
"1.18.28.66G",1,18,"28","66G",-16.4337880079361,-71.5669678715512,-1944783.08089197,2834392.90007218
"1.18.28.66H",1,18,"28","66H",-16.4339757090129,-71.5670291720732,-1944804.35183405,2834383.50225712
"1.18.28.66I",1,18,"28","66I",-16.4341464496032,-71.5672001091431,-1944822.24979416,2834361.89983568
"1.18.28.66J",1,18,"28","66J",-16.4347118129864,-71.5673215307742,-1944887.11497606,2834340.75820657
"1.18.28.66K",1,18,"28","66K",-16.4346089187358,-71.5675903183977,-1944871.64522699,2834311.63763317
"1.18.28.68A",1,18,"28","68A",-16.4306017845392,-71.5666741726786,-1944412.5965427,2834467.77486947
"1.18.28.68B",1,18,"28","68B",-16.4305729572003,-71.5665980212406,-1944410.17028347,2834476.78217859
"1.18.28.68C",1,18,"28","68C",-16.4305328488068,-71.5665103889775,-1944406.56380412,2834487.23797421
"1.18.28.68D",1,18,"28","68D",-16.4305031298111,-71.5664330323092,-1944404.04801281,2834496.39353665
"1.18.28.68E",1,18,"28","68E",-16.4304718995144,-71.5663536638084,-1944401.38007807,2834505.79685363
"1.18.28.68F",1,18,"28","68F",-16.4304322609903,-71.5662764746696,-1944397.69724206,2834515.06290341
"1.18.28.68G",1,18,"28","68G",-16.4303849565842,-71.5661926639867,-1944393.19753823,2834525.17950509
"1.18.28.68H",1,18,"28","68H",-16.4308916328341,-71.5659887672937,-1944455.26929937,2834541.67653419
"1.18.28.83A",1,18,"28","83A",-16.4324938161747,-71.5683166008711,-1944614.10492703,2834256.92926269
"1.18.28.83B",1,18,"28","83B",-16.4325988258874,-71.5683871737597,-1944625.54803571,2834247.56012966
"1.18.28.83C",1,18,"28","83C",-16.4326670911878,-71.5684352878396,-1944632.95887151,2834241.21600829
"1.18.28.83D",1,18,"28","83D",-16.4327298839976,-71.5684725299373,-1944639.86397264,2834236.17552435
"1.18.28.91A",1,18,"28","91A",-16.4336938739305,-71.5691734214502,-1944744.24334322,2834144.15667524
"1.18.28.112A",1,18,"28","112A",-16.4378395315567,-71.5705646583975,-1945213.56556936,2833932.36920758
"1.18.28.115A",1,18,"28","115A",-16.4382749234838,-71.5708675470944,-1945260.87993147,2833892.35850638
"1.18.28.118A",1,18,"28","118A",-16.4386790577811,-71.5713516960242,-1945302.23997606,2833832.21335687
"1.18.28.118B",1,18,"28","118B",-16.4384723258449,-71.5715992249607,-1945274.84437783,2833806.85898728
"1.18.28.118C",1,18,"28","118C",-16.4385778662725,-71.5712323508069,-1945291.86011355,2833847.05991638
"1.18.28.118D",1,18,"28","118D",-16.4386994811436,-71.571089301326,-1945307.9439592,2833861.68448562
"1.18.28.119A",1,18,"28","119A",-16.4390498852955,-71.5712590971899,-1945346.95429388,2833837.86703319
"1.18.28.122A",1,18,"28","122A",-16.4394064780132,-71.5714895313655,-1945385.92737336,2833807.09658577
"1.18.29.10A",1,18,"29","10A",-16.416086950407,-71.552144255742,-1942890.93031245,2836304.18877783
"1.18.29.10B",1,18,"29","10B",-16.4152953908542,-71.5527653719859,-1942790.13788245,2836244.10846261
"1.18.29.10C",1,18,"29","10C",-16.415779129602,-71.5519399070753,-1942857.35068011,2836331.37132913
"1.18.29.15A",1,18,"29","15A",-16.4129418178702,-71.5538977508936,-1942499.449418,2836146.45065937
"1.18.29.16A",1,18,"29","16A",-16.4127110794425,-71.5538880155347,-1942472.47184741,2836150.56476087
"1.18.29.25A",1,18,"29","25A",-16.4121601466956,-71.5533255552691,-1942414.84786306,2836221.51491978
"1.18.29.27A",1,18,"29","27A",-16.4122521763406,-71.5532149131337,-1942427.05009454,2836232.85694765
"1.18.29.27B",1,18,"29","27B",-16.4123259527256,-71.5532639603251,-1942435.09749062,2836226.33422368
"1.18.29.27C",1,18,"29","27C",-16.4123855830617,-71.5533003099063,-1942441.64332992,2836221.43550989
"1.18.29.27D",1,18,"29","27D",-16.4124447902489,-71.5533566478458,-1942447.88775051,2836214.27637777
"1.18.29.27E",1,18,"29","27E",-16.4125080238986,-71.5534131732781,-1942454.60271574,2836207.04346095
"1.18.29.27F",1,18,"29","27F",-16.4125393151089,-71.5534662426882,-1942457.60955859,2836200.61909426
"1.18.29.27G",1,18,"29","27G",-16.4125966102476,-71.5535191271118,-1942463.67289275,2836193.8764222
"1.18.29.27H",1,18,"29","27H",-16.4118412729137,-71.5532868784767,-1942377.88310804,2836230.05978467
"1.18.29.29A",1,18,"29","29A",-16.4120042744707,-71.5534470343611,-1942395.01086267,2836209.77731226
"1.18.29.30A",1,18,"29","30A",-16.4121126835273,-71.5535544258945,-1942406.39115673,2836196.18866595
"1.18.29.46A",1,18,"29","46A",-16.4112716788767,-71.5525263257992,-1942320.56152753,2836323.71049768
"1.18.29.46B",1,18,"29","46B",-16.4111152684079,-71.5525668520684,-1942301.68063328,2836321.15693295
"1.18.29.46C",1,18,"29","46C",-16.4112402279273,-71.5526151439048,-1942315.74910315,2836314.05202515
"1.18.29.46D",1,18,"29","46D",-16.4113044461889,-71.5526730375692,-1942322.56254013,2836306.65109869
"1.18.29.46E",1,18,"29","46E",-16.4113133901899,-71.552802264117,-1942321.98568564,2836291.88473634
"1.18.29.46F",1,18,"29","46F",-16.4112574424145,-71.5529116677018,-1942314.03688683,2836280.21222379
"1.18.29.46G",1,18,"29","46G",-16.4110926012946,-71.5529492543064,-1942294.2028764,2836278.1018659
"1.18.29.48A",1,18,"29","48A",-16.411816777616,-71.5526438913649,-1942383.1032975,2836303.27078877
"1.18.29.48B",1,18,"29","48B",-16.4116058111996,-71.552513639761,-1942359.9654173,2836320.78917719
"1.18.29.48C",1,18,"29","48C",-16.411514313267,-71.5524078576893,-1942350.55104278,2836333.97487872
"1.18.29.49A",1,18,"29","49A",-16.4114919334114,-71.5522740993137,-1942349.60696496,2836349.43030859
"1.18.29.54A",1,18,"29","54A",-16.4117489099443,-71.5519711689777,-1942383.60410436,2836380.41891464
"1.18.29.61A",1,18,"29","61A",-16.4122295429814,-71.5528209553322,-1942429.35302383,2836277.8126417
"1.18.29.73A",1,18,"29","73A",-16.4115988470937,-71.5497075860114,-1942394.48758615,2836638.98854875
"1.18.29.83A",1,18,"29","83A",-16.4102304471988,-71.5509317013939,-1942218.34877204,2836518.07074148
"1.18.29.83B",1,18,"29","83B",-16.4101952343486,-71.5510130250854,-1942213.18880579,2836509.31081779
"1.18.29.83C",1,18,"29","83C",-16.4101323530761,-71.5511520628359,-1942204.05232773,2836494.36906727
"1.18.29.83D",1,18,"29","83D",-16.4100769325122,-71.5512648633051,-1942196.12255789,2836482.30439164
"1.18.29.83E",1,18,"29","83E",-16.4100301236047,-71.5513507483058,-1942189.54320693,2836473.17865839
"1.18.29.83F",1,18,"29","83F",-16.4099724236805,-71.5514149410663,-1942181.95786538,2836466.6541798
"1.18.29.83G",1,18,"29","83G",-16.4099400589354,-71.5514725208296,-1942177.43147031,2836460.5488436
"1.18.29.83H",1,18,"29","83H",-16.4099234021466,-71.5515107409535,-1942174.99379995,2836456.433295
"1.18.29.83I",1,18,"29","83I",-16.4099043658912,-71.5515549174154,-1942172.20165194,2836451.67354378
"1.18.29.83J",1,18,"29","83J",-16.4098848536018,-71.5515995903264,-1942169.34734371,2836446.86372245
"1.18.29.83K",1,18,"29","83K",-16.4098620078826,-71.5516402933966,-1942166.15151201,2836442.54743578
"1.18.29.83L",1,18,"29","83L",-16.4098467788489,-71.5516755352528,-1942163.91904646,2836438.75089309
"1.18.29.83M",1,18,"29","83M",-16.4098190138728,-71.5517242635011,-1942160.0443861,2836433.58900192
"1.18.29.83N",1,18,"29","83N",-16.4097614202539,-71.5518086495882,-1942152.21728387,2836424.77387967
"1.18.29.83O",1,18,"29","83O",-16.4097290581895,-71.5518821117688,-1942147.49123683,2836416.86797351
"1.18.29.83P",1,18,"29","83P",-16.40955888031,-71.5516264945646,-1942130.72241544,2836448.06650206
"1.18.29.83Q",1,18,"29","83Q",-16.4096102497532,-71.5515631059426,-1942137.55407276,2836454.58244693
"1.18.29.83R",1,18,"29","83R",-16.4097118636718,-71.5513289027138,-1942152.43807116,2836479.80748839
"1.18.29.83S",1,18,"29","83S",-16.409751380354,-71.5512632688606,-1942157.90590115,2836486.73259491
"1.18.29.83T",1,18,"29","83T",-16.4098369908879,-71.551072478607,-1942170.36365394,2836507.24484584
"1.18.29.83U",1,18,"29","83U",-16.4099065174307,-71.5509844520646,-1942179.63822482,2836516.31698367
"1.18.29.83V",1,18,"29","83V",-16.4099379834036,-71.5509272137838,-1942184.05478629,2836522.39534215
"1.18.29.83W",1,18,"29","83W",-16.4099840901,-71.5508730249147,-1942190.15253528,2836527.93697731
"1.18.29.85A",1,18,"29","85A",-16.4101175547347,-71.5506764200386,-1942208.30419131,2836548.48401121
"1.18.20.89A",1,18,"20","89A",-16.4100062765935,-71.5504603292828,-1942197.95567016,2836574.43338418
"1.18.29.89B",1,18,"29","89B",-16.4099429235346,-71.5505679007193,-1942189.15998855,2836563.06496796
"1.18.29.89C",1,18,"29","89C",-16.4099005145367,-71.5506448928058,-1942183.20935177,2836554.88996001
"1.18.29.89D",1,18,"29","89D",-16.4098732910425,-71.5507055023579,-1942179.24860732,2836548.3740528
"1.18.29.89E",1,18,"29","89E",-16.4098251198105,-71.5507770357596,-1942172.68994038,2836540.89305467
"1.18.29.89F",1,18,"29","89F",-16.4097952758614,-71.5508283641053,-1942168.53830891,2836535.46351319
"1.18.29.89G",1,18,"29","89G",-16.4097663919537,-71.5508755026678,-1942164.55220296,2836530.49642618
"1.18.29.89H",1,18,"29","89H",-16.409737893312,-71.5509151971313,-1942160.70509521,2836526.36822344
"1.18.29.89I",1,18,"29","89I",-16.4097144982015,-71.5509537472816,-1942157.47182132,2836522.30316064
"1.18.29.89J",1,18,"29","89J",-16.409658408709,-71.5510285527756,-1942149.94195918,2836514.55451352
"1.18.29.89K",1,18,"29","89K",-16.409628932434,-71.55108613307,-1942145.75480046,2836508.41140569
"1.18.29.89L",1,18,"29","89L",-16.4096111878251,-71.5511225587633,-1942143.21195265,2836504.51346063
"1.18.29.89M",1,18,"29","89M",-16.4095625917464,-71.5511872818371,-1942136.68919307,2836497.81004935
"1.18.29.89N",1,18,"29","89N",-16.4095309772182,-71.5512416229727,-1942132.29169504,2836492.06204686
"1.18.29.89O",1,18,"29","89O",-16.4095075598124,-71.5512861944575,-1942128.97999611,2836487.31464995
"1.18.29.89P",1,18,"29","89P",-16.4094870703502,-71.5513295443694,-1942126.02757555,2836482.66753831
"1.18.29.89Q",1,18,"29","89Q",-16.4094630656146,-71.5513649584289,-1942122.76221502,2836478.96594802
"1.18.29.89R",1,18,"29","89R",-16.4093908488146,-71.5515057060102,-1942112.50784074,2836463.95205879
"1.18.29.91A",1,18,"29","91A",-16.4097682236007,-71.5500081288683,-1942175.69060907,2836628.80398158
"1.18.30.2A",1,18,"30","2A",-16.4045136003766,-71.5687811061362,-1941322.28666197,2834569.15502149
"1.18.30.2B",1,18,"30","2B",-16.4045173997268,-71.5686056639063,-1941324.93938581,2834588.99348824
"1.18.30.2C",1,18,"30","2C",-16.4045229477101,-71.5683279156961,-1941329.08421255,2834620.40652183
"1.18.30.2D",1,18,"30","2D",-16.4045555812504,-71.568144460142,-1941335.22411551,2834640.77770478
"1.18.30.2E",1,18,"30","2E",-16.4045776864151,-71.5679527220852,-1941340.2317529,2834662.22498968
"1.18.30.2F",1,18,"30","2F",-16.4045835908778,-71.5678896484056,-1941341.7184938,2834669.29805474
"1.18.30.2G",1,18,"30","2G",-16.4046022146343,-71.5677423563494,-1941345.75828275,2834685.7523443
"1.18.30.6A",1,18,"30","6A",-16.4054715792547,-71.5661316531688,-1941468.11876693,2834857.01219591
"1.18.30.6B",1,18,"30","6B",-16.4055419186062,-71.5659724830758,-1941478.38189658,2834874.1390216
"1.18.30.6C",1,18,"30","6C",-16.4056135827216,-71.5657967051316,-1941489.00956485,2834893.13124578
"1.18.30.7A",1,18,"30","7A",-16.4058365254907,-71.5651807947288,-1941522.94084064,2834960.04534936
"1.18.30.7B",1,18,"30","7B",-16.4060964536267,-71.5647077817572,-1941559.41848688,2835010.27845646
"1.18.30.7C",1,18,"30","7C",-16.4065211470288,-71.5644135521609,-1941612.9977786,2835038.09686368
"1.18.30.7D",1,18,"30","7D",-16.4070813369399,-71.5642169637949,-1941681.26199656,2835053.0801689
"1.18.30.7E",1,18,"30","7E",-16.4066311862191,-71.5639318432005,-1941631.98184921,2835091.26927255
"1.18.31.71A",1,18,"31","71A",-16.4077986059686,-71.5867937883112,-1941481.61495996,2832484.59542067
"1.18.31.54A",1,18,"31","54A",-16.4099773484422,-71.5850716716885,-1941759.10542254,2832651.42040958
"1.18.31.55A",1,18,"31","55A",-16.4097951685499,-71.584984282371,-1941738.81049151,2832663.69782823
"1.18.31.57A",1,18,"31","57A",-16.4095259300721,-71.5848758878223,-1941708.5562821,2832679.48973415
"1.18.31.57B",1,18,"31","57B",-16.409454186582,-71.5848389155534,-1941700.59615269,2832684.61457377
"1.18.31.57C",1,18,"31","57C",-16.4093622907967,-71.584796901934,-1941690.3329025,2832690.57324153
"1.18.31.59A",1,18,"31","59A",-16.4090583896841,-71.5846784248121,-1941656.13491645,2832707.95931592
"1.18.31.59B",1,18,"31","59B",-16.4089608509256,-71.5846313695073,-1941645.27235641,2832714.56291598
"1.18.31.60A",1,18,"31","60A",-16.408743740623,-71.5845637743031,-1941620.62665164,2832725.05160461
"1.18.31.60B",1,18,"31","60B",-16.4086196010455,-71.5845326860261,-1941606.43965805,2832730.19178192
"1.18.31.61A",1,18,"31","61A",-16.4088110972027,-71.5850194444014,-1941622.80937506,2832672.5263328
"1.18.31.67A",1,18,"31","67A",-16.4098082167832,-71.5854480018976,-1941734.51444494,2832610.96781727
"1.18.31.68A",1,18,"31","68A",-16.4099714927148,-71.5859301379785,-1941747.62816819,2832554.19441156
"1.18.31.78A",1,18,"31","78A",-16.4061765133953,-71.5882047493872,-1941273.40639924,2832345.7857291
"1.18.31.79A",1,18,"31","79A",-16.4059956313318,-71.5872149120867,-1941264.6023464,2832460.33412067
"1.18.31.80A",1,18,"31","80A",-16.4059714209812,-71.5869522259487,-1941265.05992761,2832490.42376011
"1.18.31.80B",1,18,"31","80B",-16.40595749328,-71.5868397665323,-1941264.8374455,2832503.35193003
"1.18.31.80C",1,18,"31","80C",-16.4059488743713,-71.5867274529802,-1941265.23654416,2832516.19446955
"1.18.31.80D",1,18,"31","80D",-16.4059456313966,-71.5865962426307,-1941266.50438064,2832531.10892381
"1.18.31.80E",1,18,"31","80E",-16.4059330855716,-71.5864584306501,-1941266.76275247,2832546.8927647
"1.18.31.90A",1,18,"31","90A",-16.4058606590071,-71.5843409414789,-1941284.86577019,2832787.84749882
"1.18.31.91A",1,18,"31","91A",-16.4058565708215,-71.5841550532868,-1941286.72168483,2832808.97080587
"1.18.31.101A",1,18,"31","101A",-16.4055921484485,-71.5807520988826,-1941298.43789137,2833198.1365431
"1.18.31.103A",1,18,"31","103A",-16.4065777691655,-71.5801704738963,-1941421.4932367,2833251.22890955
"1.18.31.106A",1,18,"31","106A",-16.4078667497342,-71.5804440644095,-1941569.42311201,2833203.43076495
"1.18.31.112A",1,18,"31","112A",-16.4082844912693,-71.5801223426296,-1941622.52410976,2833234.45697589
"1.18.31.119A",1,18,"31","119A",-16.4062009116732,-71.5798128475164,-1941381.7329412,2833296.67380086
"1.18.31.162A",1,18,"31","162A",-16.4062765949714,-71.576385936029,-1941433.70158601,2833684.13465177
"1.18.31.165A",1,18,"31","165A",-16.4058746634957,-71.5747138284821,-1941407.52365069,2833878.90951018
"1.18.31.165B",1,18,"31","165B",-16.4061584031299,-71.5745677389916,-1941442.68208025,2833891.77320577
"1.18.31.165C",1,18,"31","165C",-16.4061616834673,-71.5747665766697,-1941440.56718243,2833869.19141832
"1.18.31.165D",1,18,"31","165D",-16.4061423290059,-71.5749315370866,-1941436.22010926,2833850.74462707
"1.18.31.166A",1,18,"31","166A",-16.405058644556,-71.5744092788312,-1941315.52187107,2833924.06127005
"1.18.31.169A",1,18,"31","169A",-16.4049171684166,-71.5732278584587,-1941313.76188741,2834059.82464838
"1.18.31.170A",1,18,"31","170A",-16.4056823183703,-71.5736170708846,-1941398.72558408,2834005.73771866
