UNICODE;P;D;L;V;lat;long;y_proj;x_proj
1.29.11.1;1;29;11;1;-16.28446529;-71.65921371;-1926095.289;2825871.15
1.29.11.2;1;29;11;2;-16.28419238;-71.659369;-1926061.318;2825857.055
1.29.11.3;1;29;11;3;-16.28387632;-71.65936474;-1926024.266;2825861.606
1.29.11.4;1;29;11;4;-16.28352425;-71.65935064;-1925983.108;2825867.737
1.29.11.5;1;29;11;5;-16.28317218;-71.65933654;-1925941.95;2825873.867
1.29.11.6;1;29;11;6;-16.28350936;-71.65909796;-1925984.501;2825896.58
1.29.11.7;1;29;11;7;-16.28377348;-71.65892384;-1926017.674;2825912.924
1.29.11.8;1;29;11;8;-16.28405624;-71.65870322;-1926053.613;2825934.3
1.29.11.9;1;29;11;9;-16.28421644;-71.65889241;-1926070.068;2825910.785
1.29.11.10;1;29;11;10;-16.28439458;-71.65909119;-1926088.511;2825885.953
1.29.11.11;1;29;11;11;-16.2839419;-71.65845855;-1926043.231;2825963.515
1.29.11.12;1;29;11;12;-16.28377783;-71.6585779;-1926022.485;2825952.094
1.29.11.13;1;29;11;13;-16.28362596;-71.65844494;-1926006.309;2825969.125
1.29.11.14;1;29;11;14;-16.28348382;-71.658256;-1925991.97;2825992.379
1.29.11.15;1;29;11;15;-16.28333254;-71.65807628;-1925976.444;2826014.705
1.29.11.16;1;29;11;16;-16.28352359;-71.65796664;-1926000.237;2826024.678
1.29.11.17;1;29;11;17;-16.28361284;-71.65805201;-1926009.654;2826013.849
1.29.11.18;1;29;11;18;-16.28371064;-71.65817489;-1926019.608;2825998.657
1.29.11.19;1;29;11;19;-16.2837905;-71.65828818;-1926027.575;2825984.783
1.29.11.20;1;29;11;20;-16.28357681;-71.65876222;-1925996.594;2825933.781
1.29.11.21;1;29;11;21;-16.28346715;-71.65886361;-1925982.459;2825923.696
1.29.11.22;1;29;11;22;-16.28337743;-71.65881564;-1925972.522;2825930.29
1.29.11.23;1;29;11;23;-16.28330613;-71.65873987;-1925965.094;2825939.8
1.29.11.24;1;29;11;24;-16.28322603;-71.65864528;-1925956.866;2825951.557
1.29.11.25;1;29;11;25;-16.28315485;-71.65856015;-1925949.568;2825962.126
1.29.11.26;1;29;11;26;-16.28307475;-71.65846556;-1925941.34;2825973.883
1.29.11.27;1;29;11;27;-16.28300357;-71.65838044;-1925934.042;2825984.451
1.29.11.28;1;29;11;28;-16.28290553;-71.65827626;-1925923.827;2825997.526
1.29.11.29;1;29;11;29;-16.28306925;-71.65818495;-1925944.183;2826005.772
1.29.11.30;1;29;11;30;-16.28315838;-71.65827966;-1925953.469;2825993.886
1.29.11.31;1;29;11;31;-16.28321127;-71.65838324;-1925958.391;2825981.46
1.29.11.32;1;29;11;32;-16.28329136;-71.65847783;-1925966.618;2825969.703
1.29.11.33;1;29;11;33;-16.28336267;-71.6585536;-1925974.047;2825960.193
1.29.11.34;1;29;11;34;-16.28345191;-71.65863897;-1925983.463;2825949.365
1.29.11.35;1;29;11;35;-16.28316762;-71.65898113;-1925945.833;2825914.226
1.29.11.36;1;29;11;36;-16.28301234;-71.65911931;-1925925.885;2825900.556
1.29.11.37;1;29;11;37;-16.28295898;-71.65905313;-1925920.444;2825908.747
1.29.11.38;1;29;11;38;-16.28288768;-71.65897736;-1925913.015;2825918.257
1.29.11.39;1;29;11;39;-16.28283444;-71.65890183;-1925907.704;2825927.506
1.29.11.40;1;29;11;40;-16.28277216;-71.65882618;-1925901.332;2825936.886
1.29.11.41;1;29;11;41;-16.2827188;-71.65876;-1925895.89;2825945.077
1.29.11.42;1;29;11;42;-16.28266545;-71.65869383;-1925890.45;2825953.267
1.29.11.43;1;29;11;43;-16.28261209;-71.65862765;-1925885.008;2825961.458
1.29.11.44;1;29;11;44;-16.28277604;-71.65851764;-1925905.624;2825971.822
1.29.11.45;1;29;11;45;-16.28283832;-71.65859329;-1925911.995;2825962.442
1.29.11.46;1;29;11;46;-16.28289168;-71.65865947;-1925917.437;2825954.251
1.29.11.47;1;29;11;47;-16.28295395;-71.65873512;-1925923.807;2825944.872
1.29.11.48;1;29;11;48;-16.28301622;-71.65881077;-1925930.177;2825935.492
1.29.11.49;1;29;11;49;-16.28307861;-71.65887707;-1925936.677;2825927.171
1.29.11.50;1;29;11;50;-16.2825084;-71.65897225;-1925868.551;2825923.718
1.29.11.51;1;29;11;51;-16.28248204;-71.65819574;-1925875.11;2826012.107
1.29.11.52;1;29;11;52;-16.28211683;-71.65850876;-1925828.342;2825981.314
1.29.11.53;1;29;11;53;-16.28199158;-71.65841356;-1925814.821;2825993.721
1.29.11.54;1;29;11;54;-16.28182997;-71.65833657;-1925796.805;2826004.531
1.29.11.55;1;29;11;55;-16.28169581;-71.6582319;-1925782.356;2826018.127
1.29.11.56;1;29;11;56;-16.28157959;-71.65813682;-1925769.893;2826030.404
1.29.11.57;1;29;11;57;-16.28145422;-71.65805097;-1925756.242;2826041.753
1.29.11.58;1;29;11;58;-16.28132909;-71.65794642;-1925742.851;2826055.218
1.29.11.59;1;29;11;59;-16.28187491;-71.65763583;-1925810.792;2826083.412
1.29.11.60;1;29;11;60;-16.28206384;-71.65769449;-1925832.244;2826074.328
1.29.11.61;1;29;11;61;-16.28219741;-71.65784591;-1925846.043;2826055.439
1.29.11.62;1;29;11;62;-16.28323791;-71.65770096;-1925970.001;2826058.482
1.29.11.63;1;29;11;63;-16.28312743;-71.65786779;-1925954.956;2826040.987
1.29.11.64;1;29;11;64;-16.28298083;-71.65803414;-1925935.677;2826024.011
1.29.11.65;1;29;11;65;-16.28281722;-71.65811609;-1925915.45;2826016.824
1.29.11.66;1;29;11;66;-16.28264835;-71.65789874;-1925898.327;2826043.644
1.29.11.67;1;29;11;67;-16.28250633;-71.65770045;-1925884.119;2826067.957
1.29.11.68;1;29;11;68;-16.28237334;-71.65750228;-1925870.969;2826092.139
1.29.11.69;1;29;11;69;-16.28269305;-71.6572167;-1925912.054;2826120.407
1.29.11.70;1;29;11;70;-16.28286227;-71.657406;-1925929.568;2826096.763
1.29.11.71;1;29;11;71;-16.28302247;-71.65759519;-1925946.023;2826073.248
1.29.11.72;1;29;11;72;-16.28345524;-71.65693708;-1926005.014;2826142.302
1.29.11.73;1;29;11;73;-16.28413344;-71.65759146;-1926076.499;2826059.37
1.29.11.74;1;29;11;74;-16.2839519;-71.65766382;-1926054.286;2826053.502
1.29.11.75;1;29;11;75;-16.28387777;-71.65781244;-1926043.735;2826037.604
1.29.11.76;1;29;11;76;-16.28389256;-71.65735443;-1926051.166;2826089.348
1.29.11.77;1;29;11;77;-16.28472802;-71.65843174;-1926135.856;2825956.436
1.29.11.78;1;29;11;78;-16.28449052;-71.65864362;-1926105.339;2825935.468
1.29.11.79;1;29;11;79;-16.28439272;-71.65852073;-1926095.385;2825950.661
1.29.11.80;1;29;11;80;-16.28430383;-71.65840732;-1926086.359;2825964.665
1.29.11.81;1;29;11;81;-16.28418831;-71.65825614;-1926074.677;2825983.295
1.29.11.82;1;29;11;82;-16.28404653;-71.65803915;-1926060.729;2826009.724
1.29.11.83;1;29;11;83;-16.2842744;-71.6578739;-1926089.536;2826025.529
1.29.11.84;1;29;11;84;-16.28440786;-71.65803467;-1926103.206;2826005.581
1.29.11.85;1;29;11;85;-16.28457685;-71.65824268;-1926120.459;2825979.819
1.29.11.86;1;29;11;86;-16.28540683;-71.65831932;-1926216.946;2825960.444
1.29.11.87;1;29;11;87;-16.28537844;-71.65842181;-1926212.339;2825949.188
1.29.11.88;1;29;11;88;-16.28526972;-71.65844839;-1926199.245;2825947.574
1.29.11.89;1;29;11;89;-16.28515983;-71.65856848;-1926184.85;2825935.372
1.29.11.90;1;29;11;90;-16.28511339;-71.65867072;-1926178.127;2825924.377
1.29.11.91;1;29;11;91;-16.28500467;-71.65869731;-1926165.033;2825922.761
1.29.11.92;1;29;11;92;-16.28496737;-71.65879032;-1926159.497;2825912.695
1.29.11.93;1;29;11;93;-16.28478523;-71.65890943;-1926136.633;2825901.534
1.29.11.94;1;29;11;94;-16.28619273;-71.65759116;-1926318.266;2826032.892
1.29.11.95;1;29;11;95;-16.28619988;-71.65774087;-1926317.244;2826015.824
1.29.11.96;1;29;11;96;-16.28610019;-71.65776759;-1926305.208;2826014.078
1.29.11.97;1;29;11;97;-16.28606301;-71.65785125;-1926299.802;2826005.071
1.29.11.98;1;29;11;98;-16.28596332;-71.65787796;-1926287.767;2826003.325
1.29.11.99;1;29;11;99;-16.28593517;-71.65796174;-1926283.42;2825994.188
1.29.11.100;1;29;11;100;-16.28591605;-71.65804565;-1926280.132;2825984.92
1.29.11.101;1;29;11;101;-16.28582458;-71.65813793;-1926268.246;2825975.634
1.29.11.102;1;29;11;102;-16.28565182;-71.65822911;-1926246.83;2825967.519
1.29.11.103;1;29;11;103;-16.28551345;-71.65774097;-1926236.655;2826024.651
1.29.11.104;1;29;11;104;-16.28537646;-71.6578607;-1926219.083;2826012.838
1.29.11.105;1;29;11;105;-16.28518941;-71.65765244;-1926199.713;2826038.861
1.29.11.106;1;29;11;106;-16.28496706;-71.65737826;-1926177.018;2826072.813
1.29.11.107;1;29;11;107;-16.28504224;-71.65714549;-1926188.739;2826098.239
1.29.11.108;1;29;11;108;-16.28513125;-71.65724955;-1926197.895;2826085.294
1.29.11.109;1;29;11;109;-16.28522027;-71.65735362;-1926207.052;2826072.347
1.29.11.110;1;29;11;110;-16.28535372;-71.65751439;-1926220.72;2826052.399
1.29.11.111;1;29;11;111;-16.28506802;-71.65796876;-1926181.529;2826004.556
1.29.11.112;1;29;11;112;-16.28498428;-71.65816401;-1926169.27;2825983.495
1.29.11.113;1;29;11;113;-16.28482397;-71.65798417;-1926152.685;2826005.95
1.29.11.114;1;29;11;114;-16.28465674;-71.65763591;-1926137.382;2826047.593
1.29.11.115;1;29;11;115;-16.28447192;-71.65725002;-1926120.482;2826093.729
1.29.11.116;1;29;11;116;-16.28431699;-71.65736015;-1926100.924;2826083.235
1.29.11.117;1;29;11;117;-16.2842193;-71.65722791;-1926091.099;2826099.488
1.29.11.118;1;29;11;118;-16.28411282;-71.65707686;-1926080.477;2826117.986
1.29.11.119;1;29;11;119;-16.28399707;-71.65694438;-1926068.535;2826134.499
1.29.11.120;1;29;11;120;-16.28390806;-71.65684031;-1926059.379;2826147.445
1.29.11.121;1;29;11;121;-16.28401033;-71.65660791;-1926074.275;2826172.481
1.29.11.122;1;29;11;122;-16.28411705;-71.65674026;-1926085.159;2826156.1
1.29.11.123;1;29;11;123;-16.28417932;-71.65681591;-1926091.529;2826146.72
1.29.11.124;1;29;11;124;-16.28424077;-71.65695701;-1926096.988;2826129.929
1.29.11.125;1;29;11;125;-16.28434761;-71.65708002;-1926108.002;2826114.605
1.29.11.126;1;29;11;126;-16.28466626;-71.65687858;-1926147.917;2826133.345
1.29.11.127;1;29;11;127;-16.28439993;-71.65651029;-1926121.229;2826178.535
1.29.11.128;1;29;11;128;-16.28420584;-71.65614297;-1926103.01;2826222.684
1.29.11.129;1;29;11;129;-16.28412339;-71.65623538;-1926092.181;2826213.267
1.29.11.130;1;29;11;130;-16.28399544;-71.65635522;-1926075.669;2826201.326
1.29.11.131;1;29;11;131;-16.28389458;-71.65647543;-1926062.333;2826188.993
1.29.11.132;1;29;11;132;-16.28382081;-71.656596;-1926052.173;2826176.271
1.29.11.133;1;29;11;133;-16.28375583;-71.6567354;-1926042.811;2826161.301
1.29.11.134;1;29;11;134;-16.28350627;-71.6564702;-1926016.81;2826194.585
1.29.11.135;1;29;11;135;-16.28355389;-71.65627446;-1926024.834;2826216.168
1.29.11.136;1;29;11;136;-16.28366272;-71.65623852;-1926038.058;2826218.842
1.29.11.137;1;29;11;137;-16.28374564;-71.65610872;-1926049.407;2826232.493
1.29.11.138;1;29;11;138;-16.28388204;-71.65603575;-1926066.328;2826239.011
1.29.11.139;1;29;11;139;-16.28396496;-71.65590595;-1926077.677;2826252.662
1.29.11.140;1;29;11;140;-16.28392111;-71.65508244;-1926082.769;2826346.607
1.29.11.141;1;29;11;141;-16.28472692;-71.65564502;-1926170.378;2826272.439
1.29.11.142;1;29;11;142;-16.28521219;-71.65655864;-1926215.989;2826162.594
1.29.11.143;1;29;11;143;-16.28506606;-71.65668759;-1926197.229;2826149.854
1.29.11.144;1;29;11;144;-16.28491443;-71.65653593;-1926181.313;2826169.003
1.29.11.145;1;29;11;145;-16.28486177;-71.65641365;-1926176.651;2826183.547
1.29.11.146;1;29;11;146;-16.28464763;-71.65620503;-1926154.105;2826209.959
1.29.11.147;1;29;11;147;-16.28480302;-71.6560575;-1926174.183;2826224.687
1.29.11.148;1;29;11;148;-16.28511509;-71.65637965;-1926206.815;2826184.14
1.29.11.149;1;29;11;149;-16.28559546;-71.65624585;-1926264.875;2826193.127
1.29.11.150;1;29;11;150;-16.28546751;-71.6563657;-1926248.363;2826181.185
1.29.11.151;1;29;11;151;-16.28535188;-71.65622387;-1926236.551;2826198.756
1.29.11.152;1;29;11;152;-16.28521842;-71.6560631;-1926222.882;2826218.704
1.29.11.153;1;29;11;153;-16.28503148;-71.6558455;-1926203.641;2826245.785
1.29.11.154;1;29;11;154;-16.28513305;-71.65566919;-1926217.758;2826264.469
1.29.11.155;1;29;11;155;-16.28523965;-71.6558109;-1926228.511;2826247.028
1.29.11.156;1;29;11;156;-16.28536432;-71.65595285;-1926241.382;2826229.327
1.29.11.157;1;29;11;157;-16.28580011;-71.65649175;-1926285.843;2826162.61
1.29.11.158;1;29;11;158;-16.28565398;-71.6566207;-1926267.084;2826149.869
1.29.11.159;1;29;11;159;-16.28552614;-71.65673119;-1926250.701;2826138.987
1.29.11.160;1;29;11;160;-16.28538001;-71.65686014;-1926231.942;2826126.246
1.29.11.161;1;29;11;161;-16.28526132;-71.65696141;-1926216.748;2826116.291
1.29.11.162;1;29;11;162;-16.2859691;-71.65669976;-1926303.096;2826136.847
1.29.11.163;1;29;11;163;-16.28608497;-71.65682289;-1926315.168;2826121.394
1.29.11.164;1;29;11;164;-16.28617375;-71.65694565;-1926324.065;2826106.331
1.29.11.165;1;29;11;165;-16.28628082;-71.65704996;-1926335.338;2826093.124
1.29.11.166;1;29;11;166;-16.28697557;-71.65710608;-1926416.204;2826077.816
1.29.11.167;1;29;11;167;-16.28683835;-71.6572445;-1926398.373;2826063.887
1.29.11.168;1;29;11;168;-16.28668366;-71.65733593;-1926379.075;2826055.512
1.29.11.169;1;29;11;169;-16.28655735;-71.65732488;-1926364.384;2826058.391
1.29.11.170;1;29;11;170;-16.28646669;-71.65735171;-1926353.407;2826056.516
1.29.11.171;1;29;11;171;-16.2864294;-71.65744472;-1926347.872;2826046.45
1.29.11.172;1;29;11;172;-16.28678769;-71.65696327;-1926395.923;2826096.428
1.29.11.173;1;29;11;173;-16.28811871;-71.6559806;-1926564.408;2826190.713
1.29.11.174;1;29;11;174;-16.28805397;-71.6561013;-1926555.306;2826177.861
1.29.11.175;1;29;11;175;-16.28779747;-71.65638774;-1926521.63;2826148.685
1.29.11.176;1;29;11;176;-16.28767914;-71.65646095;-1926506.828;2826141.907
1.29.11.177;1;29;11;177;-16.28763293;-71.6565445;-1926500.363;2826133.028
1.29.11.178;1;29;11;178;-16.2875065;-71.65654279;-1926485.542;2826134.85
1.29.11.179;1;29;11;179;-16.28740693;-71.65656015;-1926473.636;2826134.164
1.29.11.180;1;29;11;180;-16.28734266;-71.65664345;-1926465.055;2826125.546
1.29.11.181;1;29;11;181;-16.287178;-71.65680956;-1926443.657;2826108.831
1.29.11.182;1;29;11;182;-16.28781015;-71.65609801;-1926526.722;2826181.374
1.29.11.183;1;29;11;183;-16.28779714;-71.65569572;-1926530.198;2826227.157
1.29.11.184;1;29;11;184;-16.28759635;-71.65586134;-1926504.565;2826210.963
1.29.11.185;1;29;11;185;-16.28744519;-71.65567228;-1926489.17;2826234.347
1.29.11.186;1;29;11;186;-16.28730281;-71.65550203;-1926474.572;2826255.485
1.29.11.187;1;29;11;187;-16.28715141;-71.65533167;-1926458.916;2826276.752
1.29.11.188;1;29;11;188;-16.28740579;-71.65521352;-1926490.25;2826286.873
1.29.11.189;1;29;11;189;-16.28760129;-71.65546865;-1926510.029;2826255.426
1.29.11.190;1;29;11;190;-16.28735851;-71.65610128;-1926473.658;2826186.819
1.29.11.191;1;29;11;191;-16.28721261;-71.65621153;-1926455.158;2826176.196
1.29.11.192;1;29;11;192;-16.28710577;-71.65608852;-1926444.145;2826191.52
1.29.11.193;1;29;11;193;-16.28700773;-71.65598433;-1926433.93;2826204.597
1.29.11.194;1;29;11;194;-16.28695449;-71.65590881;-1926428.619;2826213.845
1.29.11.195;1;29;11;195;-16.2868921;-71.65584251;-1926422.119;2826222.167
1.29.11.196;1;29;11;196;-16.28682983;-71.65576685;-1926415.749;2826231.548
1.29.11.197;1;29;11;197;-16.28676779;-71.6556725;-1926409.639;2826243.045
1.29.11.198;1;29;11;198;-16.28687803;-71.65552437;-1926424.424;2826258.422
1.29.11.199;1;29;11;199;-16.28720722;-71.65592156;-1926458.132;2826209.145
1.29.11.200;1;29;11;200;-16.28700268;-71.65638638;-1926428.337;2826159.073
1.29.11.201;1;29;11;201;-16.2869655;-71.65647004;-1926422.932;2826150.066
1.29.11.202;1;29;11;202;-16.28686511;-71.65655285;-1926410.116;2826141.969
1.29.11.203;1;29;11;203;-16.28675804;-71.65644854;-1926398.843;2826155.175
1.29.11.204;1;29;11;204;-16.28670491;-71.65636367;-1926393.661;2826165.482
1.29.11.205;1;29;11;205;-16.28665167;-71.65628814;-1926388.35;2826174.732
1.29.11.206;1;29;11;206;-16.28659843;-71.65621261;-1926383.039;2826183.982
1.29.11.207;1;29;11;207;-16.28653604;-71.65614631;-1926376.539;2826192.303
1.29.11.208;1;29;11;208;-16.28647365;-71.65608001;-1926370.038;2826200.625
1.29.11.209;1;29;11;209;-16.28637596;-71.65594777;-1926360.214;2826216.877
1.29.11.210;1;29;11;210;-16.28651282;-71.6558374;-1926377.654;2826227.63
1.29.11.211;1;29;11;211;-16.28667302;-71.65602658;-1926394.109;2826204.116
1.29.11.212;1;29;11;212;-16.28672638;-71.65609276;-1926399.551;2826195.925
1.29.11.213;1;29;11;213;-16.28662785;-71.65674604;-1926379.859;2826123.118
1.29.11.214;1;29;11;214;-16.2864999;-71.65686588;-1926363.347;2826111.177
1.29.11.215;1;29;11;215;-16.28638368;-71.6567708;-1926350.885;2826123.454
1.29.11.216;1;29;11;216;-16.2863214;-71.65669515;-1926344.514;2826132.834
1.29.11.217;1;29;11;217;-16.28626816;-71.65661962;-1926339.203;2826142.084
1.29.11.218;1;29;11;218;-16.2861883;-71.65650633;-1926331.236;2826155.958
1.29.11.219;1;29;11;219;-16.28606505;-71.65625218;-1926319.927;2826186.363
1.29.11.220;1;29;11;220;-16.28622724;-71.65628242;-1926338.592;2826180.846
1.29.11.221;1;29;11;221;-16.28628963;-71.65634872;-1926345.092;2826172.525
1.29.11.222;1;29;11;222;-16.28637008;-71.65641526;-1926353.71;2826163.944
1.29.11.223;1;29;11;223;-16.28643247;-71.65648156;-1926360.21;2826155.623
1.29.11.224;1;29;11;224;-16.28649474;-71.65655722;-1926366.58;2826146.242
1.29.11.225;1;29;11;225;-16.2865481;-71.65662339;-1926372.022;2826138.052
1.29.11.226;1;29;11;226;-16.28588796;-71.65596925;-1926302.655;2826220.725
1.29.11.227;1;29;11;227;-16.28566326;-71.65588206;-1926277.359;2826233.505
1.29.11.228;1;29;11;228;-16.28552089;-71.65571182;-1926262.761;2826254.642
1.29.11.229;1;29;11;229;-16.28537981;-71.65543873;-1926249.594;2826287.424
1.29.11.230;1;29;11;230;-16.28562198;-71.65557291;-1926276.357;2826269.091
1.29.11.231;1;29;11;231;-16.28580036;-71.65575299;-1926295.06;2826246.375
1.29.11.232;1;29;11;232;-16.28631697;-71.65561032;-1926357.485;2826255.901
1.29.11.233;1;29;11;233;-16.28619805;-71.65573029;-1926342.032;2826243.828
1.29.11.234;1;29;11;234;-16.2860823;-71.65559781;-1926330.09;2826260.341
1.29.11.235;1;29;11;235;-16.28593066;-71.65544615;-1926314.173;2826279.49
1.29.11.236;1;29;11;236;-16.28585983;-71.65533298;-1926307.265;2826293.235
1.29.11.237;1;29;11;237;-16.28578829;-71.6552759;-1926299.576;2826300.628
1.29.11.238;1;29;11;238;-16.28573505;-71.65520038;-1926294.265;2826309.877
1.29.11.239;1;29;11;239;-16.2856818;-71.65512485;-1926288.952;2826319.127
1.29.11.240;1;29;11;240;-16.2859173;-71.65507191;-1926317.259;2826322.098
1.29.11.241;1;29;11;241;-16.28602414;-71.65519492;-1926328.272;2826306.774
1.29.11.242;1;29;11;242;-16.28609485;-71.65531744;-1926335.05;2826291.971
1.29.11.243;1;29;11;243;-16.28617472;-71.65543073;-1926343.018;2826278.096
1.29.11.244;1;29;11;244;-16.28668206;-71.65530664;-1926404.124;2826285.634
1.29.11.245;1;29;11;245;-16.28710216;-71.65493824;-1926458.027;2826321.997
1.29.11.246;1;29;11;246;-16.2869287;-71.65508553;-1926435.831;2826307.53
1.29.11.247;1;29;11;247;-16.28683981;-71.65497211;-1926426.805;2826321.535
1.29.11.248;1;29;11;248;-16.28669755;-71.65479252;-1926412.337;2826343.731
1.29.11.249;1;29;11;249;-16.28657277;-71.65465992;-1926399.337;2826360.374
1.29.11.250;1;29;11;250;-16.2864664;-71.65449951;-1926388.844;2826379.932
1.29.11.251;1;29;11;251;-16.28663963;-71.65437092;-1926410.781;2826392.283
1.29.11.252;1;29;11;252;-16.28681718;-71.65461645;-1926428.572;2826362.155
1.29.11.253;1;29;11;253;-16.28687945;-71.6546921;-1926434.942;2826352.775
1.29.11.254;1;29;11;254;-16.28693281;-71.65475828;-1926440.383;2826344.584
1.29.11.255;1;29;11;255;-16.28700435;-71.65481535;-1926448.072;2826337.191
1.29.11.256;1;29;11;256;-16.28607118;-71.65432587;-1926344.603;2826404.711
1.29.11.257;1;29;11;257;-16.28561437;-71.65474053;-1926285.815;2826363.574
1.29.11.258;1;29;11;258;-16.28551304;-71.65489814;-1926271.959;2826347.007
1.29.11.259;1;29;11;259;-16.28540632;-71.65476578;-1926261.076;2826363.39
1.29.11.260;1;29;11;260;-16.28534546;-71.65457794;-1926256.266;2826385.473
1.29.11.261;1;29;11;261;-16.28516543;-71.65524881;-1926226.787;2826311.72
1.29.11.262;1;29;11;262;-16.28505577;-71.6553502;-1926212.652;2826301.635
1.29.11.263;1;29;11;263;-16.28492207;-71.65520813;-1926198.722;2826319.466
1.29.11.264;1;29;11;264;-16.28479741;-71.65506618;-1926185.852;2826337.168
1.29.11.265;1;29;11;265;-16.28468154;-71.65494306;-1926173.779;2826352.62
1.29.11.266;1;29;11;266;-16.28480996;-71.65478581;-1926190.812;2826368.798
1.29.11.267;1;29;11;267;-16.28489839;-71.65493662;-1926199.318;2826350.558
1.29.11.268;1;29;11;268;-16.28501414;-71.6550691;-1926211.26;2826334.046
1.29.11.269;1;29;11;269;-16.28457834;-71.65453021;-1926166.798;2826400.763
1.29.11.270;1;29;11;270;-16.28453213;-71.65461375;-1926160.334;2826391.886
1.29.11.271;1;29;11;271;-16.28446822;-71.65466899;-1926152.143;2826386.445
1.29.11.272;1;29;11;272;-16.28442224;-71.65473383;-1926145.939;2826379.684
1.29.11.273;1;29;11;273;-16.28435833;-71.65478908;-1926137.749;2826374.242
1.29.11.274;1;29;11;274;-16.28430297;-71.65488185;-1926130.095;2826364.435
1.29.11.275;1;29;11;275;-16.28391795;-71.65461483;-1926088.213;2826399.671
1.29.11.276;1;29;11;276;-16.28395524;-71.65452182;-1926093.748;2826409.738
1.29.11.277;1;29;11;277;-16.2840106;-71.65442905;-1926101.401;2826419.544
1.29.11.278;1;29;11;278;-16.28406584;-71.65434563;-1926108.924;2826428.292
1.29.11.279;1;29;11;279;-16.28411181;-71.65428079;-1926115.127;2826435.053
1.29.11.280;1;29;11;280;-16.28416729;-71.65417867;-1926122.911;2826445.918
1.29.11.281;1;29;11;281;-16.28473292;-71.65372807;-1926194.922;2826489.73
1.29.11.282;1;29;11;282;-16.28459395;-71.65400674;-1926175.14;2826459.92
1.29.11.283;1;29;11;283;-16.28445955;-71.65392077;-1926160.431;2826471.399
1.29.11.284;1;29;11;284;-16.28434356;-71.65380699;-1926148.228;2826485.795
1.29.11.285;1;29;11;285;-16.28443785;-71.65349031;-1926163.236;2826520.49
1.29.11.286;1;29;11;286;-16.2845719;-71.65360433;-1926177.556;2826505.835
1.29.11.287;1;29;11;287;-16.28514046;-71.6543601;-1926234.908;2826412.815
1.29.11.288;1;29;11;288;-16.28563479;-71.65383372;-1926299.491;2826466.137
1.29.11.289;1;29;11;289;-16.28515842;-71.65292957;-1926254.808;2826574.795
1.29.11.290;1;29;11;290;-16.28507503;-71.65309678;-1926242.938;2826556.909
1.29.11.291;1;29;11;291;-16.28500079;-71.65325475;-1926232.257;2826539.952
1.29.11.292;1;29;11;292;-16.28490814;-71.65344053;-1926219.069;2826520.079
1.29.11.293;1;29;11;293;-16.2845773;-71.65317424;-1926183.539;2826554.535
1.29.11.294;1;29;11;294;-16.28465166;-71.65300692;-1926194.35;2826572.55
1.29.11.295;1;29;11;295;-16.28474442;-71.65281179;-1926207.668;2826593.482
1.29.11.296;1;29;11;296;-16.28483731;-71.6526073;-1926221.117;2826615.474
1.29.12.1;1;29;12;1;-16.28834517;-71.65592754;-1926591.655;2826193.813
1.29.12.2;1;29;12;2;-16.28839126;-71.65585335;-1926597.989;2826201.632
1.29.12.3;1;29;12;3;-16.28843747;-71.65576981;-1926604.453;2826210.51
1.29.12.4;1;29;12;4;-16.28856413;-71.65575281;-1926619.534;2826210.806
1.29.12.5;1;29;12;5;-16.28871953;-71.65560528;-1926639.614;2826225.533
1.29.12.6;1;29;12;6;-16.28896594;-71.65540286;-1926671.06;2826245.312
1.29.12.7;1;29;12;7;-16.28909424;-71.65525496;-1926687.963;2826260.43
1.29.12.8;1;29;12;8;-16.28914948;-71.65517154;-1926695.486;2826269.177
1.29.12.9;1;29;12;9;-16.28927696;-71.6550891;-1926711.478;2826276.883
1.29.12.10;1;29;12;10;-16.28828595;-71.65560879;-1926588.667;2826230.719
1.29.12.11;1;29;12;11;-16.2880426;-71.6555681;-1926560.603;2826238.467
1.29.12.12;1;29;12;12;-16.28791806;-71.6554168;-1926547.864;2826257.226
1.29.12.13;1;29;12;13;-16.28794632;-71.65532367;-1926552.34;2826267.422
1.29.12.14;1;29;12;14;-16.28893804;-71.65474788;-1926675.932;2826319.939
1.29.12.15;1;29;12;15;-16.28870019;-71.65498781;-1926645.023;2826295.797
1.29.12.16;1;29;12;16;-16.28857212;-71.65511701;-1926628.381;2826282.796
1.29.12.17;1;29;12;17;-16.28843549;-71.65520869;-1926611.2;2826274.16
1.29.12.18;1;29;12;18;-16.28830789;-71.65530048;-1926595.077;2826265.395
1.29.12.19;1;29;12;19;-16.28819823;-71.65540187;-1926580.942;2826255.311
1.29.12.20;1;29;12;20;-16.28808881;-71.65548456;-1926567.067;2826247.344
1.29.12.21;1;29;12;21;-16.28772232;-71.65518038;-1926527.824;2826286.555
1.29.12.22;1;29;12;22;-16.2876156;-71.65504802;-1926516.941;2826302.937
1.29.12.23;1;29;12;23;-16.28783374;-71.65493874;-1926543.91;2826312.519
1.29.12.24;1;29;12;24;-16.28804356;-71.65477324;-1926570.602;2826328.583
1.29.12.25;1;29;12;25;-16.28817186;-71.65462534;-1926587.505;2826343.701
1.29.12.26;1;29;12;26;-16.28830005;-71.65448679;-1926604.278;2826357.761
1.29.12.27;1;29;12;27;-16.28844512;-71.65444199;-1926621.867;2826360.972
1.29.12.28;1;29;12;28;-16.28844665;-71.65432044;-1926623.558;2826374.735
1.29.12.29;1;29;12;29;-16.28859149;-71.65429433;-1926640.888;2826375.83
1.29.12.30;1;29;12;30;-16.28824317;-71.65398104;-1926603.891;2826415.84
1.29.12.31;1;29;12;31;-16.28806878;-71.65420313;-1926580.654;2826392.904
1.29.12.32;1;29;12;32;-16.28790588;-71.65422899;-1926561.208;2826392.069
1.29.12.33;1;29;12;33;-16.28786835;-71.65434071;-1926555.412;2826379.885
1.29.12.34;1;29;12;34;-16.28783058;-71.65447112;-1926549.356;2826365.584
1.29.12.35;1;29;12;35;-16.28769431;-71.65453475;-1926532.566;2826360.124
1.29.12.36;1;29;12;36;-16.28755697;-71.65468252;-1926514.604;2826345.137
1.29.12.37;1;29;12;37;-16.28750185;-71.65475659;-1926507.211;2826337.448
1.29.12.38;1;29;12;38;-16.28738633;-71.65460541;-1926495.529;2826356.078
1.29.12.39;1;29;12;39;-16.28709091;-71.6543957;-1926463.454;2826383.661
1.29.12.40;1;29;12;40;-16.28718286;-71.65426602;-1926475.862;2826397.182
1.29.12.41;1;29;12;41;-16.28737332;-71.65420312;-1926499.005;2826401.861
1.29.12.42;1;29;12;42;-16.28751112;-71.65401795;-1926517.487;2826421.083
1.29.12.43;1;29;12;43;-16.28769291;-71.65392688;-1926539.962;2826429.069
1.29.12.44;1;29;12;44;-16.28784924;-71.65370455;-1926561.081;2826452.265
1.29.12.45;1;29;12;45;-16.28802223;-71.65359466;-1926582.758;2826462.498
1.29.12.46;1;29;12;46;-16.2877281;-71.6532821;-1926552.114;2826501.728
1.29.12.47;1;29;12;47;-16.28755488;-71.65341069;-1926530.178;2826489.378
1.29.12.48;1;29;12;48;-16.28751758;-71.6535037;-1926524.642;2826479.311
1.29.12.49;1;29;12;49;-16.28737215;-71.65357656;-1926506.662;2826472.923
1.29.12.50;1;29;12;50;-16.28723435;-71.65376173;-1926488.18;2826453.701
1.29.12.51;1;29;12;51;-16.28709749;-71.65387211;-1926470.739;2826442.947
1.29.12.52;1;29;12;52;-16.28695112;-71.65401976;-1926451.718;2826428.09
1.29.12.53;1;29;12;53;-16.28680593;-71.65407392;-1926433.999;2826423.818
1.29.12.54;1;29;12;54;-16.28740265;-71.65330577;-1926513.611;2826503.235
1.29.12.55;1;29;12;55;-16.28793955;-71.65298569;-1926580.626;2826532.615
1.29.12.56;1;29;12;56;-16.28811183;-71.6529319;-1926601.522;2826536.495
1.29.12.57;1;29;12;57;-16.28816743;-71.65282043;-1926609.436;2826548.419
1.29.12.58;1;29;12;58;-16.2882229;-71.65271831;-1926617.219;2826559.284
1.29.12.59;1;29;12;59;-16.28834991;-71.65267326;-1926632.691;2826562.756
1.29.12.60;1;29;12;60;-16.2884143;-71.65258061;-1926641.403;2826572.432
1.29.12.61;1;29;12;61;-16.28851528;-71.65245105;-1926654.87;2826585.823
1.29.12.62;1;29;12;62;-16.28866011;-71.65242494;-1926672.199;2826586.918
1.29.12.63;1;29;12;63;-16.28875241;-71.65226721;-1926684.997;2826603.614
1.29.12.64;1;29;12;64;-16.2890924;-71.65252428;-1926721.715;2826570.085
1.29.12.65;1;29;12;65;-16.2891725;-71.65261887;-1926729.943;2826558.328
1.29.12.66;1;29;12;66;-16.28921636;-71.65272233;-1926733.805;2826546.032
1.29.12.67;1;29;12;67;-16.28930608;-71.65277029;-1926743.742;2826539.438
1.29.12.68;1;29;12;68;-16.28934115;-71.65285493;-1926746.806;2826529.389
1.29.12.69;1;29;12;69;-16.28939462;-71.65291176;-1926752.377;2826522.256
1.29.12.70;1;29;12;70;-16.28948364;-71.65301582;-1926761.533;2826509.31
1.29.12.71;1;29;12;71;-16.28929329;-71.65306937;-1926738.519;2826505.69
1.29.12.72;1;29;12;72;-16.28912418;-71.65287071;-1926721.137;2826530.394
1.29.12.73;1;29;12;73;-16.28898181;-71.65270047;-1926706.54;2826551.532
1.29.12.74;1;29;12;74;-16.28880729;-71.65293191;-1926683.171;2826527.536
1.29.12.75;1;29;12;75;-16.28866116;-71.65306086;-1926664.411;2826514.797
1.29.12.76;1;29;12;76;-16.2885148;-71.65320852;-1926645.391;2826499.939
1.29.12.77;1;29;12;77;-16.28828728;-71.65334573;-1926616.972;2826487.311
1.29.12.78;1;29;12;78;-16.28883497;-71.6536056;-1926678.04;2826450.79
1.29.12.79;1;29;12;79;-16.28872097;-71.65405294;-1926659.092;2826401.534
1.29.12.80;1;29;12;80;-16.2887402;-71.65395968;-1926662.509;2826411.861
1.29.12.81;1;29;12;81;-16.2888033;-71.65396988;-1926669.791;2826409.892
1.29.12.82;1;29;12;82;-16.28884024;-71.65390492;-1926674.936;2826416.782
1.29.12.83;1;29;12;83;-16.28893113;-71.65385938;-1926686.173;2826420.775
1.29.12.84;1;29;12;84;-16.28898602;-71.65380401;-1926693.306;2826426.346
1.29.12.85;1;29;12;85;-16.28912347;-71.65364688;-1926711.398;2826442.393
1.29.12.86;1;29;12;86;-16.28911291;-71.65376831;-1926708.647;2826428.76
1.29.12.87;1;29;12;87;-16.28963469;-71.65321424;-1926776.799;2826484.865
1.29.12.88;1;29;12;88;-16.28966849;-71.65325307;-1926780.284;2826480.027
1.29.12.89;1;29;12;89;-16.28980392;-71.65340355;-1926794.312;2826461.22
1.29.12.90;1;29;12;90;-16.28954485;-71.6538957;-1926757.774;2826408.752
1.29.12.91;1;29;12;91;-16.2896355;-71.65386886;-1926768.75;2826410.628
1.29.12.92;1;29;12;92;-16.28969074;-71.65378544;-1926776.273;2826419.375
1.29.12.93;1;29;12;93;-16.28978152;-71.65374926;-1926787.381;2826422.308
1.29.12.94;1;29;12;94;-16.28989152;-71.65361982;-1926801.906;2826435.569
1.29.12.95;1;29;12;95;-16.29008925;-71.65369729;-1926824.156;2826424.237
1.29.12.96;1;29;12;96;-16.28997983;-71.65377998;-1926810.281;2826416.271
1.29.12.97;1;29;12;97;-16.28987932;-71.65387215;-1926797.334;2826407.114
1.29.12.98;1;29;12;98;-16.28978773;-71.65397378;-1926785.317;2826396.77
1.29.12.99;1;29;12;99;-16.28968722;-71.65406594;-1926772.371;2826387.615
1.29.12.100;1;29;12;100;-16.2895785;-71.65409254;-1926759.276;2826385.999
1.29.12.101;1;29;12;101;-16.2894699;-71.65410978;-1926746.311;2826385.443
1.29.12.102;1;29;12;102;-16.28939672;-71.6541836;-1926736.801;2826378.015
1.29.12.103;1;29;12;103;-16.28929598;-71.65429447;-1926723.595;2826366.741
1.29.12.104;1;29;12;104;-16.28919547;-71.65438663;-1926710.649;2826357.586
1.29.12.105;1;29;12;105;-16.28913073;-71.65450733;-1926701.546;2826344.733
1.29.12.106;1;29;12;106;-16.28942462;-71.65483859;-1926731.929;2826303.387
1.29.12.107;1;29;12;107;-16.28949839;-71.65471801;-1926742.09;2826316.109
1.29.12.108;1;29;12;108;-16.2895358;-71.65461565;-1926747.755;2826327.234
1.29.12.109;1;29;12;109;-16.28967185;-71.65457072;-1926764.287;2826330.576
1.29.12.110;1;29;12;110;-16.28976368;-71.65445039;-1926776.565;2826343.037
1.29.12.111;1;29;12;111;-16.28988119;-71.65444262;-1926790.457;2826342.405
1.29.12.112;1;29;12;112;-16.28995508;-71.65431269;-1926800.749;2826356.186
1.29.12.113;1;29;12;113;-16.29010883;-71.65429606;-1926819.006;2826356.091
1.29.12.114;1;29;12;114;-16.29010156;-71.65415569;-1926819.899;2826372.101
1.29.12.115;1;29;12;115;-16.29016618;-71.65404434;-1926828.871;2826383.895
1.29.12.116;1;29;12;116;-16.29033753;-71.65406535;-1926848.726;2826379.305
1.29.12.117;1;29;12;117;-16.29049269;-71.65393651;-1926868.545;2826391.916
1.29.12.118;1;29;12;118;-16.29038573;-71.65382285;-1926857.402;2826406.181
1.29.12.119;1;29;12;119;-16.29044097;-71.65373943;-1926864.925;2826414.929
1.29.12.120;1;29;12;120;-16.29053163;-71.6537126;-1926875.902;2826416.803
1.29.12.121;1;29;12;121;-16.29058687;-71.65362918;-1926883.426;2826425.55
1.29.12.122;1;29;12;122;-16.29068667;-71.65359311;-1926895.591;2826428.355
1.29.12.123;1;29;12;123;-16.29075762;-71.65369694;-1926902.629;2826415.668
1.29.12.124;1;29;12;124;-16.29070238;-71.65378036;-1926895.106;2826406.92
1.29.12.125;1;29;12;125;-16.29064738;-71.65384508;-1926887.844;2826400.29
1.29.12.126;1;29;12;126;-16.29055672;-71.65387191;-1926876.866;2826398.416
1.29.12.127;1;29;12;127;-16.29025345;-71.65356858;-1926845.035;2826436.717
1.29.12.128;1;29;12;128;-16.29019176;-71.65344618;-1926839.315;2826451.39
1.29.12.129;1;29;12;129;-16.29012948;-71.65337053;-1926832.944;2826460.77
1.29.12.130;1;29;12;130;-16.29031209;-71.65321401;-1926856.331;2826476.166
1.29.12.131;1;29;12;131;-16.29036545;-71.65328019;-1926861.772;2826467.974
1.29.12.132;1;29;12;132;-16.29049973;-71.65337551;-1926876.351;2826455.436
1.29.12.133;1;29;12;133;-16.29039055;-71.6534395;-1926862.737;2826449.587
1.29.12.134;1;29;12;134;-16.28997785;-71.65321886;-1926817.029;2826479.921
1.29.12.135;1;29;12;135;-16.28985306;-71.65308626;-1926804.028;2826496.564
1.29.12.136;1;29;12;136;-16.28992648;-71.65299373;-1926813.799;2826506.11
1.29.12.137;1;29;12;137;-16.29007238;-71.65288347;-1926832.3;2826516.733
1.29.12.138;1;29;12;138;-16.29016057;-71.65305299;-1926840.545;2826496.376
1.29.12.139;1;29;12;139;-16.28992168;-71.652657;-1926817.425;2826544.354
1.29.12.140;1;29;12;140;-16.28982117;-71.65274917;-1926804.478;2826535.198
1.29.12.141;1;29;12;141;-16.28972969;-71.65284145;-1926792.59;2826525.912
1.29.12.142;1;29;12;142;-16.2896137;-71.65272767;-1926780.388;2826540.308
1.29.12.143;1;29;12;143;-16.28956046;-71.65265214;-1926775.077;2826549.558
1.29.12.144;1;29;12;144;-16.28949854;-71.65254844;-1926769.097;2826562.114
1.29.12.145;1;29;12;145;-16.28944494;-71.65250096;-1926763.395;2826568.189
1.29.12.146;1;29;12;146;-16.28940084;-71.65241621;-1926759.272;2826578.367
1.29.12.147;1;29;12;147;-16.28931207;-71.65229344;-1926750.377;2826593.431
1.29.12.148;1;29;12;148;-16.28947637;-71.65215538;-1926771.384;2826606.969
1.29.12.149;1;29;12;149;-16.28957442;-71.65225956;-1926781.6;2826593.893
1.29.12.150;1;29;12;150;-16.28962766;-71.65233509;-1926786.911;2826584.643
1.29.12.151;1;29;12;151;-16.2897257;-71.65243928;-1926797.125;2826571.566
1.29.12.152;1;29;12;152;-16.28982363;-71.65255282;-1926807.209;2826557.43
1.29.12.153;1;29;12;153;-16.28935218;-71.65197603;-1926759.035;2826628.906
1.29.12.154;1;29;12;154;-16.28916054;-71.65213242;-1926734.59;2826613.641
1.29.12.155;1;29;12;155;-16.28907141;-71.65203771;-1926725.304;2826625.528
1.29.12.156;1;29;12;156;-16.28899166;-71.65191507;-1926717.467;2826640.462
1.29.12.157;1;29;12;157;-16.28919244;-71.65174944;-1926743.1;2826656.657
1.29.12.158;1;29;12;158;-16.28929952;-71.65185375;-1926754.374;2826643.45
1.29.12.159;1;29;12;159;-16.28938384;-71.65161174;-1926767.284;2826669.805
1.29.12.160;1;29;12;160;-16.28949268;-71.6515758;-1926780.51;2826672.478
1.29.12.161;1;29;12;161;-16.2895573;-71.65146444;-1926789.482;2826684.273
1.29.12.162;1;29;12;162;-16.28968419;-71.65142874;-1926804.824;2826686.687
1.29.12.163;1;29;12;163;-16.28973955;-71.65133597;-1926812.477;2826696.493
1.29.12.164;1;29;12;164;-16.28986633;-71.65130962;-1926827.69;2826697.847
1.29.12.165;1;29;12;165;-16.29000905;-71.65145182;-1926842.677;2826679.885
1.29.12.166;1;29;12;166;-16.28992731;-71.65148812;-1926832.628;2826676.822
1.29.12.167;1;29;12;167;-16.28989002;-71.65158114;-1926827.093;2826666.754
1.29.12.168;1;29;12;168;-16.28979924;-71.65161733;-1926815.985;2826663.82
1.29.12.169;1;29;12;169;-16.28973497;-71.65170063;-1926807.403;2826655.203
1.29.12.170;1;29;12;170;-16.28965311;-71.65174628;-1926797.224;2826651.081
1.29.12.171;1;29;12;171;-16.28958896;-71.65182023;-1926788.773;2826643.522
1.29.12.172;1;29;12;172;-16.28969451;-71.65204609;-1926798.355;2826616.552
1.29.12.173;1;29;12;173;-16.28976722;-71.65200966;-1926807.344;2826619.746
1.29.12.174;1;29;12;174;-16.28984076;-71.65190778;-1926817.246;2826630.351
1.29.12.175;1;29;12;175;-16.28997692;-71.65185351;-1926833.907;2826634.751
1.29.12.176;1;29;12;176;-16.29006887;-71.65172382;-1926846.316;2826648.272
1.29.12.177;1;29;12;177;-16.29013325;-71.65163117;-1926855.027;2826657.948
1.29.12.178;1;29;12;178;-16.29017911;-71.65157568;-1926861.101;2826663.649
1.29.12.179;1;29;12;179;-16.29040393;-71.65165351;-1926886.528;2826651.928
1.29.12.180;1;29;12;180;-16.29034857;-71.65174629;-1926878.874;2826642.121
1.29.12.181;1;29;12;181;-16.29025768;-71.65179182;-1926867.637;2826638.129
1.29.12.182;1;29;12;182;-16.29019341;-71.65187512;-1926859.055;2826629.511
1.29.12.183;1;29;12;183;-16.29012058;-71.6519209;-1926849.935;2826625.259
1.29.12.184;1;29;12;184;-16.29007449;-71.65199509;-1926843.6;2826617.44
1.29.12.185;1;29;12;185;-16.28998325;-71.65206868;-1926831.973;2826610.271
1.29.12.186;1;29;12;186;-16.2899008;-71.65216109;-1926821.143;2826600.855
1.29.12.187;1;29;12;187;-16.28983665;-71.65223504;-1926812.692;2826593.296
1.29.12.188;1;29;12;188;-16.29006874;-71.65245325;-1926837.225;2826565.563
1.29.12.189;1;29;12;189;-16.29023223;-71.65238063;-1926857.323;2826571.691
1.29.12.190;1;29;12;190;-16.29030612;-71.6522507;-1926867.614;2826585.472
1.29.12.191;1;29;12;191;-16.29040709;-71.65212114;-1926881.081;2826598.862
1.29.12.192;1;29;12;192;-16.29046292;-71.65199097;-1926889.255;2826612.903
1.29.12.193;1;29;12;193;-16.29058043;-71.6519832;-1926903.148;2826612.27
1.29.12.194;1;29;12;194;-16.29076233;-71.65188277;-1926925.753;2826621.315
1.29.12.195;1;29;12;195;-16.29093649;-71.65167938;-1926948.731;2826642.134
1.29.12.196;1;29;12;196;-16.29106456;-71.65155018;-1926965.374;2826655.134
1.29.12.197;1;29;12;197;-16.2914334;-71.65166736;-1927007.22;2826637.095
1.29.12.198;1;29;12;198;-16.29155807;-71.65180931;-1927020.09;2826619.393
1.29.12.199;1;29;12;199;-16.29142097;-71.65193839;-1927002.388;2826606.523
1.29.12.200;1;29;12;200;-16.29125701;-71.65204841;-1926981.77;2826596.16
1.29.12.201;1;29;12;201;-16.29114747;-71.65214045;-1926967.764;2826587.135
1.29.12.202;1;29;12;202;-16.29105588;-71.65224209;-1926955.746;2826576.79
1.29.12.203;1;29;12;203;-16.2909101;-71.652343;-1926937.376;2826567.226
1.29.12.204;1;29;12;204;-16.29080021;-71.65246309;-1926922.98;2826555.025
1.29.12.205;1;29;12;205;-16.29066311;-71.65259217;-1926905.278;2826542.154
1.29.12.206;1;29;12;206;-16.29048965;-71.65273946;-1926883.081;2826527.688
1.29.12.207;1;29;12;207;-16.29036147;-71.65287801;-1926866.308;2826513.629
1.29.12.208;1;29;12;208;-16.29024607;-71.65271748;-1926854.757;2826533.318
1.29.12.209;1;29;12;209;-16.29036499;-71.65259751;-1926870.211;2826545.389
1.29.12.210;1;29;12;210;-16.29052941;-71.65245009;-1926891.349;2826559.987
1.29.12.211;1;29;12;211;-16.29064845;-71.65232077;-1926906.933;2826573.117
1.29.12.212;1;29;12;212;-16.29079446;-71.65220116;-1926925.564;2826584.799
1.29.12.213;1;29;12;213;-16.2909223;-71.65209066;-1926941.948;2826595.681
1.29.12.214;1;29;12;214;-16.29105834;-71.65204574;-1926958.478;2826599.022
1.29.12.215;1;29;12;215;-16.29115017;-71.6519254;-1926970.757;2826611.485
1.29.12.216;1;29;12;216;-16.29132327;-71.65180616;-1926992.563;2826622.775
1.29.12.217;1;29;12;217;-16.29172718;-71.65200798;-1927037.472;2826594.687
1.29.12.218;1;29;12;218;-16.29183402;-71.65213099;-1927048.485;2826579.363
1.29.12.219;1;29;12;219;-16.29168871;-71.65219449;-1927030.635;2826574.035
1.29.12.220;1;29;12;220;-16.29159817;-71.65221198;-1927019.788;2826573.218
1.29.12.221;1;29;12;221;-16.2915332;-71.65235138;-1927010.426;2826558.248
1.29.12.222;1;29;12;222;-16.29136033;-71.65245192;-1926988.879;2826549.075
1.29.12.223;1;29;12;223;-16.29129559;-71.65257262;-1926979.777;2826536.223
1.29.12.224;1;29;12;224;-16.29115931;-71.65263625;-1926962.985;2826530.764
1.29.12.225;1;29;12;225;-16.29104895;-71.65279375;-1926948.069;2826514.327
1.29.12.226;1;29;12;226;-16.2909305;-71.65287632;-1926933.135;2826506.49
1.29.12.227;1;29;12;227;-16.29080325;-71.65294007;-1926917.403;2826500.901
1.29.12.228;1;29;12;228;-16.29069383;-71.65302276;-1926903.527;2826492.934
1.29.12.229;1;29;12;229;-16.29064657;-71.65319045;-1926895.893;2826474.529
1.29.12.230;1;29;12;230;-16.29054899;-71.65304886;-1926886.198;2826491.84
1.29.12.231;1;29;12;231;-16.29087819;-71.65344606;-1926919.906;2826442.562
1.29.12.232;1;29;12;232;-16.29094328;-71.65329731;-1926929.398;2826458.59
1.29.12.233;1;29;12;233;-16.29106056;-71.65330824;-1926943.031;2826455.84
1.29.12.234;1;29;12;234;-16.29106232;-71.65316799;-1926944.983;2826471.72
1.29.12.235;1;29;12;235;-16.29122498;-71.65316083;-1926964.168;2826470.436
1.29.12.236;1;29;12;236;-16.2913079;-71.65303102;-1926975.519;2826484.087
1.29.12.237;1;29;12;237;-16.29135423;-71.65293813;-1926982.114;2826494.023
1.29.12.238;1;29;12;238;-16.29148042;-71.65295853;-1926996.675;2826490.084
1.29.12.239;1;29;12;239;-16.29152686;-71.65285629;-1927003.399;2826501.079
1.29.12.240;1;29;12;240;-16.29157319;-71.65276339;-1927009.994;2826511.016
1.29.12.241;1;29;12;241;-16.29169046;-71.65277432;-1927023.626;2826508.266
1.29.12.242;1;29;12;242;-16.29174676;-71.65260675;-1927032.321;2826526.541
1.29.12.243;1;29;12;243;-16.29189277;-71.65248714;-1927050.951;2826538.222
1.29.12.244;1;29;12;244;-16.29195739;-71.65237579;-1927059.923;2826550.016
1.29.12.245;1;29;12;245;-16.29208382;-71.65237749;-1927074.746;2826548.194
1.29.12.246;1;29;12;246;-16.2926654;-71.65209541;-1927146.535;2826572.686
1.29.12.247;1;29;12;247;-16.2924665;-71.65211144;-1927122.984;2826573.431
1.29.12.248;1;29;12;248;-16.29238487;-71.6521384;-1927113.065;2826571.426
1.29.12.249;1;29;12;249;-16.29233855;-71.65223129;-1927106.471;2826561.49
1.29.12.250;1;29;12;250;-16.29232776;-71.65237142;-1927103.46;2826545.74
1.29.12.251;1;29;12;251;-16.29215137;-71.65203239;-1927086.97;2826586.454
1.29.12.252;1;29;12;252;-16.29165201;-71.65152067;-1927034.711;2826650.912
1.29.12.38A;1;29;12;38A;-16.28745366;-71.65455952;-1926504.005;2826360.414
1.29.12.38B;1;29;12;38B;-16.28757207;-71.65445634;-1926519.19;2826370.589
1.29.12.38C;1;29;12;38C;-16.2876456;-71.6543781;-1926528.795;2826378.514
1.29.12.38D;1;29;12;38D;-16.28777095;-71.65426531;-1926544.915;2826389.689
1.29.12.88A;1;29;12;88A;-16.28972215;-71.65332449;-1926785.695;2826471.238
